"","Sequence_ID","Event_Pattern","Outcome_Next_Day_Direction"
"6",1,"MLM,MMM,HHH,HHH,HLH,MHM,MLM,HMM,HHH,HMH,HHH,HHH,LML,HLH,MMM,HHH,HMH,HLH,HHH,LML,HLH,MLM,LHL,MHM,HMH,HLH",0
"8",1,"MLM,MMM,HHH,HHH,HLH,MHM,MLM,HMM,HHH,HMH,HHH,HHH,LML,HLH,MMM,HHH,HMH,HLH,HHH,LML,HLH,MLM,LHL,MHM,HMH,HLH",1
"11",1,"MLM,MMM,HHH,HHH,HLH,MHM,MLM,HMM,HHH,HMH,HHH,HHH,LML,HLH,MMM,HHH,HMH,HLH,HHH,LML,HLH,MLM,LHL,MHM,HMH,HLH",1
"12",1,"MLM,MMM,HHH,HHH,HLH,MHM,MLM,HMM,HHH,HMH,HHH,HHH,LML,HLH,MMM,HHH,HMH,HLH,HHH,LML,HLH,MLM,LHL,MHM,HMH,HLH",0
"13",1,"MLM,MMM,HHH,HHH,HLH,MHM,MLM,HMM,HHH,HMH,HHH,HHH,LML,HLH,MMM,HHH,HMH,HLH,HHH,LML,HLH,MLM,LHL,MHM,HMH,HLH",0
"15",1,"MLM,MMM,HHH,HHH,HLH,MHM,MLM,HMM,HHH,HMH,HHH,HHH,LML,HLH,MMM,HHH,HMH,HLH,HHH,LML,HLH,MLM,LHL,MHM,HMH,HLH",1
"17",1,"MLM,MMM,HHH,HHH,HLH,MHM,MLM,HMM,HHH,HMH,HHH,HHH,LML,HLH,MMM,HHH,HMH,HLH,HHH,LML,HLH,MLM,LHL,MHM,HMH,HLH",0
"20",1,"MLM,MMM,HHH,HHH,HLH,MHM,MLM,HMM,HHH,HMH,HHH,HHH,LML,HLH,MMM,HHH,HMH,HLH,HHH,LML,HLH,MLM,LHL,MHM,HMH,HLH",0
"21",1,"MLM,MMM,HHH,HHH,HLH,MHM,MLM,HMM,HHH,HMH,HHH,HHH,LML,HLH,MMM,HHH,HMH,HLH,HHH,LML,HLH,MLM,LHL,MHM,HMH,HLH",0
"22",1,"MLM,MMM,HHH,HHH,HLH,MHM,MLM,HMM,HHH,HMH,HHH,HHH,LML,HLH,MMM,HHH,HMH,HLH,HHH,LML,HLH,MLM,LHL,MHM,HMH,HLH",1
"25",1,"MLM,MMM,HHH,HHH,HLH,MHM,MLM,HMM,HHH,HMH,HHH,HHH,LML,HLH,MMM,HHH,HMH,HLH,HHH,LML,HLH,MLM,LHL,MHM,HMH,HLH",0
"27",2,"LML,LHL,MLM,LLL,HLH,LML,HLH,LHL,HMH,LLL,LHL,MLM,MHM,HMM,HMH,HMH,LLL,MLM,HHH,MHM,MLM,HHH,LML,LLL,LLL,HLH",1
"28",2,"LML,LHL,MLM,LLL,HLH,LML,HLH,LHL,HMH,LLL,LHL,MLM,MHM,HMM,HMH,HMH,LLL,MLM,HHH,MHM,MLM,HHH,LML,LLL,LLL,HLH",0
"29",2,"LML,LHL,MLM,LLL,HLH,LML,HLH,LHL,HMH,LLL,LHL,MLM,MHM,HMM,HMH,HMH,LLL,MLM,HHH,MHM,MLM,HHH,LML,LLL,LLL,HLH",0
"33",2,"LML,LHL,MLM,LLL,HLH,LML,HLH,LHL,HMH,LLL,LHL,MLM,MHM,HMM,HMH,HMH,LLL,MLM,HHH,MHM,MLM,HHH,LML,LLL,LLL,HLH",1
"35",2,"LML,LHL,MLM,LLL,HLH,LML,HLH,LHL,HMH,LLL,LHL,MLM,MHM,HMM,HMH,HMH,LLL,MLM,HHH,MHM,MLM,HHH,LML,LLL,LLL,HLH",0
"36",2,"LML,LHL,MLM,LLL,HLH,LML,HLH,LHL,HMH,LLL,LHL,MLM,MHM,HMM,HMH,HMH,LLL,MLM,HHH,MHM,MLM,HHH,LML,LLL,LLL,HLH",1
"37",2,"LML,LHL,MLM,LLL,HLH,LML,HLH,LHL,HMH,LLL,LHL,MLM,MHM,HMM,HMH,HMH,LLL,MLM,HHH,MHM,MLM,HHH,LML,LLL,LLL,HLH",0
"42",2,"LML,LHL,MLM,LLL,HLH,LML,HLH,LHL,HMH,LLL,LHL,MLM,MHM,HMM,HMH,HMH,LLL,MLM,HHH,MHM,MLM,HHH,LML,LLL,LLL,HLH",0
"44",2,"LML,LHL,MLM,LLL,HLH,LML,HLH,LHL,HMH,LLL,LHL,MLM,MHM,HMM,HMH,HMH,LLL,MLM,HHH,MHM,MLM,HHH,LML,LLL,LLL,HLH",1
"45",2,"LML,LHL,MLM,LLL,HLH,LML,HLH,LHL,HMH,LLL,LHL,MLM,MHM,HMM,HMH,HMH,LLL,MLM,HHH,MHM,MLM,HHH,LML,LLL,LLL,HLH",1
"46",2,"LML,LHL,MLM,LLL,HLH,LML,HLH,LHL,HMH,LLL,LHL,MLM,MHM,HMM,HMH,HMH,LLL,MLM,HHH,MHM,MLM,HHH,LML,LLL,LLL,HLH",0
"47",2,"LML,LHL,MLM,LLL,HLH,LML,HLH,LHL,HMH,LLL,LHL,MLM,MHM,HMM,HMH,HMH,LLL,MLM,HHH,MHM,MLM,HHH,LML,LLL,LLL,HLH",1
"48",2,"LML,LHL,MLM,LLL,HLH,LML,HLH,LHL,HMH,LLL,LHL,MLM,MHM,HMM,HMH,HMH,LLL,MLM,HHH,MHM,MLM,HHH,LML,LLL,LLL,HLH",1
"49",2,"LML,LHL,MLM,LLL,HLH,LML,HLH,LHL,HMH,LLL,LHL,MLM,MHM,HMM,HMH,HMH,LLL,MLM,HHH,MHM,MLM,HHH,LML,LLL,LLL,HLH",0
"50",2,"LML,LHL,MLM,LLL,HLH,LML,HLH,LHL,HMH,LLL,LHL,MLM,MHM,HMM,HMH,HMH,LLL,MLM,HHH,MHM,MLM,HHH,LML,LLL,LLL,HLH",0
"51",2,"LML,LHL,MLM,LLL,HLH,LML,HLH,LHL,HMH,LLL,LHL,MLM,MHM,HMM,HMH,HMH,LLL,MLM,HHH,MHM,MLM,HHH,LML,LLL,LLL,HLH",0
"52",2,"LML,LHL,MLM,LLL,HLH,LML,HLH,LHL,HMH,LLL,LHL,MLM,MHM,HMM,HMH,HMH,LLL,MLM,HHH,MHM,MLM,HHH,LML,LLL,LLL,HLH",1
"53",3,"MLM,MHM,HMH,HLH,LHL,HLH,LLL,HMH,MLM,LHL,MMM,LHL,LHL,HLH,LML",1
"54",3,"MLM,MHM,HMH,HLH,LHL,HLH,LLL,HMH,MLM,LHL,MMM,LHL,LHL,HLH,LML",0
"55",3,"MLM,MHM,HMH,HLH,LHL,HLH,LLL,HMH,MLM,LHL,MMM,LHL,LHL,HLH,LML",0
"56",3,"MLM,MHM,HMH,HLH,LHL,HLH,LLL,HMH,MLM,LHL,MMM,LHL,LHL,HLH,LML",1
"57",3,"MLM,MHM,HMH,HLH,LHL,HLH,LLL,HMH,MLM,LHL,MMM,LHL,LHL,HLH,LML",0
"58",3,"MLM,MHM,HMH,HLH,LHL,HLH,LLL,HMH,MLM,LHL,MMM,LHL,LHL,HLH,LML",0
"61",3,"MLM,MHM,HMH,HLH,LHL,HLH,LLL,HMH,MLM,LHL,MMM,LHL,LHL,HLH,LML",1
"63",3,"MLM,MHM,HMH,HLH,LHL,HLH,LLL,HMH,MLM,LHL,MMM,LHL,LHL,HLH,LML",1
"64",3,"MLM,MHM,HMH,HLH,LHL,HLH,LLL,HMH,MLM,LHL,MMM,LHL,LHL,HLH,LML",1
"65",3,"MLM,MHM,HMH,HLH,LHL,HLH,LLL,HMH,MLM,LHL,MMM,LHL,LHL,HLH,LML",0
"67",3,"MLM,MHM,HMH,HLH,LHL,HLH,LLL,HMH,MLM,LHL,MMM,LHL,LHL,HLH,LML",0
"76",4,"HLH,HHH,MHM,HMH,HHH,HMH,LLL,MLM,MHM,LHL,LML,HLH,LHL,HLH,HMH,HMH,MMM,MLM,LHL,LML,LHL,HLH,HLH,HHH,LHL,LLL,LHL",1
"78",4,"HLH,HHH,MHM,HMH,HHH,HMH,LLL,MLM,MHM,LHL,LML,HLH,LHL,HLH,HMH,HMH,MMM,MLM,LHL,LML,LHL,HLH,HLH,HHH,LHL,LLL,LHL",0
"79",4,"HLH,HHH,MHM,HMH,HHH,HMH,LLL,MLM,MHM,LHL,LML,HLH,LHL,HLH,HMH,HMH,MMM,MLM,LHL,LML,LHL,HLH,HLH,HHH,LHL,LLL,LHL",1
"80",4,"HLH,HHH,MHM,HMH,HHH,HMH,LLL,MLM,MHM,LHL,LML,HLH,LHL,HLH,HMH,HMH,MMM,MLM,LHL,LML,LHL,HLH,HLH,HHH,LHL,LLL,LHL",0
"85",4,"HLH,HHH,MHM,HMH,HHH,HMH,LLL,MLM,MHM,LHL,LML,HLH,LHL,HLH,HMH,HMH,MMM,MLM,LHL,LML,LHL,HLH,HLH,HHH,LHL,LLL,LHL",1
"87",4,"HLH,HHH,MHM,HMH,HHH,HMH,LLL,MLM,MHM,LHL,LML,HLH,LHL,HLH,HMH,HMH,MMM,MLM,LHL,LML,LHL,HLH,HLH,HHH,LHL,LLL,LHL",1
"88",4,"HLH,HHH,MHM,HMH,HHH,HMH,LLL,MLM,MHM,LHL,LML,HLH,LHL,HLH,HMH,HMH,MMM,MLM,LHL,LML,LHL,HLH,HLH,HHH,LHL,LLL,LHL",0
"89",4,"HLH,HHH,MHM,HMH,HHH,HMH,LLL,MLM,MHM,LHL,LML,HLH,LHL,HLH,HMH,HMH,MMM,MLM,LHL,LML,LHL,HLH,HLH,HHH,LHL,LLL,LHL",0
"92",4,"HLH,HHH,MHM,HMH,HHH,HMH,LLL,MLM,MHM,LHL,LML,HLH,LHL,HLH,HMH,HMH,MMM,MLM,LHL,LML,LHL,HLH,HLH,HHH,LHL,LLL,LHL",0
"93",4,"HLH,HHH,MHM,HMH,HHH,HMH,LLL,MLM,MHM,LHL,LML,HLH,LHL,HLH,HMH,HMH,MMM,MLM,LHL,LML,LHL,HLH,HLH,HHH,LHL,LLL,LHL",1
"105",6,"HHH,HMH,LHL,HMH,MMM,HLH,HHH,LLL,LHL,LLL,HHH,LLL,LHL,HLH,HHH,LML",1
"106",6,"HHH,HMH,LHL,HMH,MMM,HLH,HHH,LLL,LHL,LLL,HHH,LLL,LHL,HLH,HHH,LML",0
"108",6,"HHH,HMH,LHL,HMH,MMM,HLH,HHH,LLL,LHL,LLL,HHH,LLL,LHL,HLH,HHH,LML",0
"110",6,"HHH,HMH,LHL,HMH,MMM,HLH,HHH,LLL,LHL,LLL,HHH,LLL,LHL,HLH,HHH,LML",0
"111",6,"HHH,HMH,LHL,HMH,MMM,HLH,HHH,LLL,LHL,LLL,HHH,LLL,LHL,HLH,HHH,LML",1
"112",6,"HHH,HMH,LHL,HMH,MMM,HLH,HHH,LLL,LHL,LLL,HHH,LLL,LHL,HLH,HHH,LML",0
"114",6,"HHH,HMH,LHL,HMH,MMM,HLH,HHH,LLL,LHL,LLL,HHH,LLL,LHL,HLH,HHH,LML",0
"115",6,"HHH,HMH,LHL,HMH,MMM,HLH,HHH,LLL,LHL,LLL,HHH,LLL,LHL,HLH,HHH,LML",1
"116",6,"HHH,HMH,LHL,HMH,MMM,HLH,HHH,LLL,LHL,LLL,HHH,LLL,LHL,HLH,HHH,LML",0
"120",7,"LHL,HLH,LHL,LHL,HLH,HMH,LML,HMH,HHH,LML,HLH,LLL,LHL,LML,LHL,HMH,MLM,LLM,LML,LML,HMH,HHH,HMH,MMM,MLM",0
"121",7,"LHL,HLH,LHL,LHL,HLH,HMH,LML,HMH,HHH,LML,HLH,LLL,LHL,LML,LHL,HMH,MLM,LLM,LML,LML,HMH,HHH,HMH,MMM,MLM",1
"122",7,"LHL,HLH,LHL,LHL,HLH,HMH,LML,HMH,HHH,LML,HLH,LLL,LHL,LML,LHL,HMH,MLM,LLM,LML,LML,HMH,HHH,HMH,MMM,MLM",1
"123",7,"LHL,HLH,LHL,LHL,HLH,HMH,LML,HMH,HHH,LML,HLH,LLL,LHL,LML,LHL,HMH,MLM,LLM,LML,LML,HMH,HHH,HMH,MMM,MLM",0
"127",7,"LHL,HLH,LHL,LHL,HLH,HMH,LML,HMH,HHH,LML,HLH,LLL,LHL,LML,LHL,HMH,MLM,LLM,LML,LML,HMH,HHH,HMH,MMM,MLM",1
"129",7,"LHL,HLH,LHL,LHL,HLH,HMH,LML,HMH,HHH,LML,HLH,LLL,LHL,LML,LHL,HMH,MLM,LLM,LML,LML,HMH,HHH,HMH,MMM,MLM",0
"131",7,"LHL,HLH,LHL,LHL,HLH,HMH,LML,HMH,HHH,LML,HLH,LLL,LHL,LML,LHL,HMH,MLM,LLM,LML,LML,HMH,HHH,HMH,MMM,MLM",1
"133",7,"LHL,HLH,LHL,LHL,HLH,HMH,LML,HMH,HHH,LML,HLH,LLL,LHL,LML,LHL,HMH,MLM,LLM,LML,LML,HMH,HHH,HMH,MMM,MLM",1
"135",7,"LHL,HLH,LHL,LHL,HLH,HMH,LML,HMH,HHH,LML,HLH,LLL,LHL,LML,LHL,HMH,MLM,LLM,LML,LML,HMH,HHH,HMH,MMM,MLM",0
"136",7,"LHL,HLH,LHL,LHL,HLH,HMH,LML,HMH,HHH,LML,HLH,LLL,LHL,LML,LHL,HMH,MLM,LLM,LML,LML,HMH,HHH,HMH,MMM,MLM",0
"145",8,"LHL,LHL,HMH,HLH,HHH,HHH,LLL,MLM,HHH,HHH,HMH,LML,LML,MLM,HLH,LLL,LHL,MLH,LML,LHL",1
"146",8,"LHL,LHL,HMH,HLH,HHH,HHH,LLL,MLM,HHH,HHH,HMH,LML,LML,MLM,HLH,LLL,LHL,MLH,LML,LHL",1
"147",8,"LHL,LHL,HMH,HLH,HHH,HHH,LLL,MLM,HHH,HHH,HMH,LML,LML,MLM,HLH,LLL,LHL,MLH,LML,LHL",0
"148",8,"LHL,LHL,HMH,HLH,HHH,HHH,LLL,MLM,HHH,HHH,HMH,LML,LML,MLM,HLH,LLL,LHL,MLH,LML,LHL",1
"149",8,"LHL,LHL,HMH,HLH,HHH,HHH,LLL,MLM,HHH,HHH,HMH,LML,LML,MLM,HLH,LLL,LHL,MLH,LML,LHL",1
"150",8,"LHL,LHL,HMH,HLH,HHH,HHH,LLL,MLM,HHH,HHH,HMH,LML,LML,MLM,HLH,LLL,LHL,MLH,LML,LHL",0
"151",8,"LHL,LHL,HMH,HLH,HHH,HHH,LLL,MLM,HHH,HHH,HMH,LML,LML,MLM,HLH,LLL,LHL,MLH,LML,LHL",0
"152",8,"LHL,LHL,HMH,HLH,HHH,HHH,LLL,MLM,HHH,HHH,HMH,LML,LML,MLM,HLH,LLL,LHL,MLH,LML,LHL",1
"153",8,"LHL,LHL,HMH,HLH,HHH,HHH,LLL,MLM,HHH,HHH,HMH,LML,LML,MLM,HLH,LLL,LHL,MLH,LML,LHL",1
"155",8,"LHL,LHL,HMH,HLH,HHH,HHH,LLL,MLM,HHH,HHH,HMH,LML,LML,MLM,HLH,LLL,LHL,MLH,LML,LHL",0
"157",8,"LHL,LHL,HMH,HLH,HHH,HHH,LLL,MLM,HHH,HHH,HMH,LML,LML,MLM,HLH,LLL,LHL,MLH,LML,LHL",0
"159",8,"LHL,LHL,HMH,HLH,HHH,HHH,LLL,MLM,HHH,HHH,HMH,LML,LML,MLM,HLH,LLL,LHL,MLH,LML,LHL",0
"160",8,"LHL,LHL,HMH,HLH,HHH,HHH,LLL,MLM,HHH,HHH,HMH,LML,LML,MLM,HLH,LLL,LHL,MLH,LML,LHL",1
"161",8,"LHL,LHL,HMH,HLH,HHH,HHH,LLL,MLM,HHH,HHH,HMH,LML,LML,MLM,HLH,LLL,LHL,MLH,LML,LHL",0
"163",8,"LHL,LHL,HMH,HLH,HHH,HHH,LLL,MLM,HHH,HHH,HMH,LML,LML,MLM,HLH,LLL,LHL,MLH,LML,LHL",1
"164",8,"LHL,LHL,HMH,HLH,HHH,HHH,LLL,MLM,HHH,HHH,HMH,LML,LML,MLM,HLH,LLL,LHL,MLH,LML,LHL",0
"167",9,"MLM,LLL,MMM,LHL,MLM,HHH,MLM,HHH,MLM,MMM,LHL,MHM,MMM",1
"171",9,"MLM,LLL,MMM,LHL,MLM,HHH,MLM,HHH,MLM,MMM,LHL,MHM,MMM",1
"172",9,"MLM,LLL,MMM,LHL,MLM,HHH,MLM,HHH,MLM,MMM,LHL,MHM,MMM",0
"178",10,"MMM,HHH,MMM,HLH,MMM,LML,MLM,HLH,MHM,LML,LHL,HLH,MLM,LML,HHH,MHL,LHL,MLM,MLM,MLM,HMH,LML,HMH",1
"180",10,"MMM,HHH,MMM,HLH,MMM,LML,MLM,HLH,MHM,LML,LHL,HLH,MLM,LML,HHH,MHL,LHL,MLM,MLM,MLM,HMH,LML,HMH",0
"183",10,"MMM,HHH,MMM,HLH,MMM,LML,MLM,HLH,MHM,LML,LHL,HLH,MLM,LML,HHH,MHL,LHL,MLM,MLM,MLM,HMH,LML,HMH",0
"185",10,"MMM,HHH,MMM,HLH,MMM,LML,MLM,HLH,MHM,LML,LHL,HLH,MLM,LML,HHH,MHL,LHL,MLM,MLM,MLM,HMH,LML,HMH",1
"187",10,"MMM,HHH,MMM,HLH,MMM,LML,MLM,HLH,MHM,LML,LHL,HLH,MLM,LML,HHH,MHL,LHL,MLM,MLM,MLM,HMH,LML,HMH",1
"188",10,"MMM,HHH,MMM,HLH,MMM,LML,MLM,HLH,MHM,LML,LHL,HLH,MLM,LML,HHH,MHL,LHL,MLM,MLM,MLM,HMH,LML,HMH",0
"189",10,"MMM,HHH,MMM,HLH,MMM,LML,MLM,HLH,MHM,LML,LHL,HLH,MLM,LML,HHH,MHL,LHL,MLM,MLM,MLM,HMH,LML,HMH",0
"193",10,"MMM,HHH,MMM,HLH,MMM,LML,MLM,HLH,MHM,LML,LHL,HLH,MLM,LML,HHH,MHL,LHL,MLM,MLM,MLM,HMH,LML,HMH",1
"194",10,"MMM,HHH,MMM,HLH,MMM,LML,MLM,HLH,MHM,LML,LHL,HLH,MLM,LML,HHH,MHL,LHL,MLM,MLM,MLM,HMH,LML,HMH",0
"195",10,"MMM,HHH,MMM,HLH,MMM,LML,MLM,HLH,MHM,LML,LHL,HLH,MLM,LML,HHH,MHL,LHL,MLM,MLM,MLM,HMH,LML,HMH",0
"201",11,"LLL,LHL,HHH,LLL,MMM,HHH,LLL,MLH,HMH,MHM,LML,LML,HHH,HMH,MLM,LLL,MHM,MMM,LML,MMM,MLM,LLL,MMM,LHL",1
"203",11,"LLL,LHL,HHH,LLL,MMM,HHH,LLL,MLH,HMH,MHM,LML,LML,HHH,HMH,MLM,LLL,MHM,MMM,LML,MMM,MLM,LLL,MMM,LHL",0
"205",11,"LLL,LHL,HHH,LLL,MMM,HHH,LLL,MLH,HMH,MHM,LML,LML,HHH,HMH,MLM,LLL,MHM,MMM,LML,MMM,MLM,LLL,MMM,LHL",1
"206",11,"LLL,LHL,HHH,LLL,MMM,HHH,LLL,MLH,HMH,MHM,LML,LML,HHH,HMH,MLM,LLL,MHM,MMM,LML,MMM,MLM,LLL,MMM,LHL",0
"214",11,"LLL,LHL,HHH,LLL,MMM,HHH,LLL,MLH,HMH,MHM,LML,LML,HHH,HMH,MLM,LLL,MHM,MMM,LML,MMM,MLM,LLL,MMM,LHL",0
"216",11,"LLL,LHL,HHH,LLL,MMM,HHH,LLL,MLH,HMH,MHM,LML,LML,HHH,HMH,MLM,LLL,MHM,MMM,LML,MMM,MLM,LLL,MMM,LHL",1
"223",11,"LLL,LHL,HHH,LLL,MMM,HHH,LLL,MLH,HMH,MHM,LML,LML,HHH,HMH,MLM,LLL,MHM,MMM,LML,MMM,MLM,LLL,MMM,LHL",1
"225",12,"LHL,MLM,MHM,HLH,HHH,HMH,LHL,MLM,HMH,LML,HLH,HMH,MLM,LHL,HMH,MMM",0
"226",12,"LHL,MLM,MHM,HLH,HHH,HMH,LHL,MLM,HMH,LML,HLH,HMH,MLM,LHL,HMH,MMM",1
"227",12,"LHL,MLM,MHM,HLH,HHH,HMH,LHL,MLM,HMH,LML,HLH,HMH,MLM,LHL,HMH,MMM",0
"228",12,"LHL,MLM,MHM,HLH,HHH,HMH,LHL,MLM,HMH,LML,HLH,HMH,MLM,LHL,HMH,MMM",1
"230",12,"LHL,MLM,MHM,HLH,HHH,HMH,LHL,MLM,HMH,LML,HLH,HMH,MLM,LHL,HMH,MMM",1
"231",12,"LHL,MLM,MHM,HLH,HHH,HMH,LHL,MLM,HMH,LML,HLH,HMH,MLM,LHL,HMH,MMM",0
"234",12,"LHL,MLM,MHM,HLH,HHH,HMH,LHL,MLM,HMH,LML,HLH,HMH,MLM,LHL,HMH,MMM",0
"236",12,"LHL,MLM,MHM,HLH,HHH,HMH,LHL,MLM,HMH,LML,HLH,HMH,MLM,LHL,HMH,MMM",0
"237",12,"LHL,MLM,MHM,HLH,HHH,HMH,LHL,MLM,HMH,LML,HLH,HMH,MLM,LHL,HMH,MMM",1
"245",13,"LML,MMM,MMM,MLM,MLM,MHM,MMM,MLM,MHM,MMM,LML,MLM,MHM,MHM,LML,MLM,MMM,HHH,HMH,MMM",1
"262",14,"HMH,HMH,HLH,HMH,MMM,HHH,HHH,LLL,HMH,MLM,HMH,HLH,LHL,HLH,LHL,LHL,HLH",0
"266",14,"HMH,HMH,HLH,HMH,MMM,HHH,HHH,LLL,HMH,MLM,HMH,HLH,LHL,HLH,LHL,LHL,HLH",1
"267",14,"HMH,HMH,HLH,HMH,MMM,HHH,HHH,LLL,HMH,MLM,HMH,HLH,LHL,HLH,LHL,LHL,HLH",0
"268",14,"HMH,HMH,HLH,HMH,MMM,HHH,HHH,LLL,HMH,MLM,HMH,HLH,LHL,HLH,LHL,LHL,HLH",0
"269",14,"HMH,HMH,HLH,HMH,MMM,HHH,HHH,LLL,HMH,MLM,HMH,HLH,LHL,HLH,LHL,LHL,HLH",0
"272",14,"HMH,HMH,HLH,HMH,MMM,HHH,HHH,LLL,HMH,MLM,HMH,HLH,LHL,HLH,LHL,LHL,HLH",1
"273",14,"HMH,HMH,HLH,HMH,MMM,HHH,HHH,LLL,HMH,MLM,HMH,HLH,LHL,HLH,LHL,LHL,HLH",0
"274",14,"HMH,HMH,HLH,HMH,MMM,HHH,HHH,LLL,HMH,MLM,HMH,HLH,LHL,HLH,LHL,LHL,HLH",1
"275",14,"HMH,HMH,HLH,HMH,MMM,HHH,HHH,LLL,HMH,MLM,HMH,HLH,LHL,HLH,LHL,LHL,HLH",1
"276",14,"HMH,HMH,HLH,HMH,MMM,HHH,HHH,LLL,HMH,MLM,HMH,HLH,LHL,HLH,LHL,LHL,HLH",0
"279",15,"LHL,LML,HLH,MLM,LML,LML,HMH,HHH,MMM,LML,LML,HLH,LML,MHM,LHL",0
"280",15,"LHL,LML,HLH,MLM,LML,LML,HMH,HHH,MMM,LML,LML,HLH,LML,MHM,LHL",0
"283",15,"LHL,LML,HLH,MLM,LML,LML,HMH,HHH,MMM,LML,LML,HLH,LML,MHM,LHL",0
"284",15,"LHL,LML,HLH,MLM,LML,LML,HMH,HHH,MMM,LML,LML,HLH,LML,MHM,LHL",1
"287",15,"LHL,LML,HLH,MLM,LML,LML,HMH,HHH,MMM,LML,LML,HLH,LML,MHM,LHL",0
"288",15,"LHL,LML,HLH,MLM,LML,LML,HMH,HHH,MMM,LML,LML,HLH,LML,MHM,LHL",0
"294",16,"LLL,MMM,LHL,MLM,HHH,MLM,HHH,MLM,MMM,LHL,MHM,MMM,MLM,MHM,LLL,LML,LHL,MLM,MLM,MML",1
"298",16,"LLL,MMM,LHL,MLM,HHH,MLM,HHH,MLM,MMM,LHL,MHM,MMM,MLM,MHM,LLL,LML,LHL,MLM,MLM,MML",1
"299",16,"LLL,MMM,LHL,MLM,HHH,MLM,HHH,MLM,MMM,LHL,MHM,MMM,MLM,MHM,LLL,LML,LHL,MLM,MLM,MML",0
"308",16,"LLL,MMM,LHL,MLM,HHH,MLM,HHH,MLM,MMM,LHL,MHM,MMM,MLM,MHM,LLL,LML,LHL,MLM,MLM,MML",1
"309",16,"LLL,MMM,LHL,MLM,HHH,MLM,HHH,MLM,MMM,LHL,MHM,MMM,MLM,MHM,LLL,LML,LHL,MLM,MLM,MML",0
"323",17,"LML,LML,MMM,LHL,MMM,HMM,MLM,MLM,MHM,LMM,MMM,LHL,MLM,LLL,LML,MHL,MLM,LHL,HMH,HHH,LLL,MMM,MHM,LHL",1
"324",17,"LML,LML,MMM,LHL,MMM,HMM,MLM,MLM,MHM,LMM,MMM,LHL,MLM,LLL,LML,MHL,MLM,LHL,HMH,HHH,LLL,MMM,MHM,LHL",0
"327",17,"LML,LML,MMM,LHL,MMM,HMM,MLM,MLM,MHM,LMM,MMM,LHL,MLM,LLL,LML,MHL,MLM,LHL,HMH,HHH,LLL,MMM,MHM,LHL",1
"328",17,"LML,LML,MMM,LHL,MMM,HMM,MLM,MLM,MHM,LMM,MMM,LHL,MLM,LLL,LML,MHL,MLM,LHL,HMH,HHH,LLL,MMM,MHM,LHL",0
"329",17,"LML,LML,MMM,LHL,MMM,HMM,MLM,MLM,MHM,LMM,MMM,LHL,MLM,LLL,LML,MHL,MLM,LHL,HMH,HHH,LLL,MMM,MHM,LHL",1
"332",17,"LML,LML,MMM,LHL,MMM,HMM,MLM,MLM,MHM,LMM,MMM,LHL,MLM,LLL,LML,MHL,MLM,LHL,HMH,HHH,LLL,MMM,MHM,LHL",0
"338",18,"HHH,MLM,HHH,MLM,MMM,LHL,MHM,MMM,MLM,MHM,LLL,LML,LHL,MLM,MLM,MML,MHM,MLM,LML,HHH,MMM",1
"339",18,"HHH,MLM,HHH,MLM,MMM,LHL,MHM,MMM,MLM,MHM,LLL,LML,LHL,MLM,MLM,MML,MHM,MLM,LML,HHH,MMM",0
"348",18,"HHH,MLM,HHH,MLM,MMM,LHL,MHM,MMM,MLM,MHM,LLL,LML,LHL,MLM,MLM,MML,MHM,MLM,LML,HHH,MMM",1
"349",18,"HHH,MLM,HHH,MLM,MMM,LHL,MHM,MMM,MLM,MHM,LLL,LML,LHL,MLM,MLM,MML,MHM,MLM,LML,HHH,MMM",0
"353",18,"HHH,MLM,HHH,MLM,MMM,LHL,MHM,MMM,MLM,MHM,LLL,LML,LHL,MLM,MLM,MML,MHM,MLM,LML,HHH,MMM",0
"355",18,"HHH,MLM,HHH,MLM,MMM,LHL,MHM,MMM,MLM,MHM,LLL,LML,LHL,MLM,MLM,MML,MHM,MLM,LML,HHH,MMM",1
"358",19,"HLH,LLL,LHL,LLL,HMH,LHL,HMH,MLM,HLH,LML,LHL,HMH,LHL,LHL,HMH,MLM,LML,HHH,HMH,HMH,LLL,LLL,HMH,LLL,MHL,LML,MLM,HHH,LHL",0
"359",19,"HLH,LLL,LHL,LLL,HMH,LHL,HMH,MLM,HLH,LML,LHL,HMH,LHL,LHL,HMH,MLM,LML,HHH,HMH,HMH,LLL,LLL,HMH,LLL,MHL,LML,MLM,HHH,LHL",1
"360",19,"HLH,LLL,LHL,LLL,HMH,LHL,HMH,MLM,HLH,LML,LHL,HMH,LHL,LHL,HMH,MLM,LML,HHH,HMH,HMH,LLL,LLL,HMH,LLL,MHL,LML,MLM,HHH,LHL",0
"362",19,"HLH,LLL,LHL,LLL,HMH,LHL,HMH,MLM,HLH,LML,LHL,HMH,LHL,LHL,HMH,MLM,LML,HHH,HMH,HMH,LLL,LLL,HMH,LLL,MHL,LML,MLM,HHH,LHL",1
"363",19,"HLH,LLL,LHL,LLL,HMH,LHL,HMH,MLM,HLH,LML,LHL,HMH,LHL,LHL,HMH,MLM,LML,HHH,HMH,HMH,LLL,LLL,HMH,LLL,MHL,LML,MLM,HHH,LHL",0
"364",19,"HLH,LLL,LHL,LLL,HMH,LHL,HMH,MLM,HLH,LML,LHL,HMH,LHL,LHL,HMH,MLM,LML,HHH,HMH,HMH,LLL,LLL,HMH,LLL,MHL,LML,MLM,HHH,LHL",0
"365",19,"HLH,LLL,LHL,LLL,HMH,LHL,HMH,MLM,HLH,LML,LHL,HMH,LHL,LHL,HMH,MLM,LML,HHH,HMH,HMH,LLL,LLL,HMH,LLL,MHL,LML,MLM,HHH,LHL",0
"370",19,"HLH,LLL,LHL,LLL,HMH,LHL,HMH,MLM,HLH,LML,LHL,HMH,LHL,LHL,HMH,MLM,LML,HHH,HMH,HMH,LLL,LLL,HMH,LLL,MHL,LML,MLM,HHH,LHL",1
"371",19,"HLH,LLL,LHL,LLL,HMH,LHL,HMH,MLM,HLH,LML,LHL,HMH,LHL,LHL,HMH,MLM,LML,HHH,HMH,HMH,LLL,LLL,HMH,LLL,MHL,LML,MLM,HHH,LHL",0
"372",19,"HLH,LLL,LHL,LLL,HMH,LHL,HMH,MLM,HLH,LML,LHL,HMH,LHL,LHL,HMH,MLM,LML,HHH,HMH,HMH,LLL,LLL,HMH,LLL,MHL,LML,MLM,HHH,LHL",0
"374",19,"HLH,LLL,LHL,LLL,HMH,LHL,HMH,MLM,HLH,LML,LHL,HMH,LHL,LHL,HMH,MLM,LML,HHH,HMH,HMH,LLL,LLL,HMH,LLL,MHL,LML,MLM,HHH,LHL",1
"377",19,"HLH,LLL,LHL,LLL,HMH,LHL,HMH,MLM,HLH,LML,LHL,HMH,LHL,LHL,HMH,MLM,LML,HHH,HMH,HMH,LLL,LLL,HMH,LLL,MHL,LML,MLM,HHH,LHL",0
"378",19,"HLH,LLL,LHL,LLL,HMH,LHL,HMH,MLM,HLH,LML,LHL,HMH,LHL,LHL,HMH,MLM,LML,HHH,HMH,HMH,LLL,LLL,HMH,LLL,MHL,LML,MLM,HHH,LHL",0
"380",19,"HLH,LLL,LHL,LLL,HMH,LHL,HMH,MLM,HLH,LML,LHL,HMH,LHL,LHL,HMH,MLM,LML,HHH,HMH,HMH,LLL,LLL,HMH,LLL,MHL,LML,MLM,HHH,LHL",0
"385",19,"HLH,LLL,LHL,LLL,HMH,LHL,HMH,MLM,HLH,LML,LHL,HMH,LHL,LHL,HMH,MLM,LML,HHH,HMH,HMH,LLL,LLL,HMH,LLL,MHL,LML,MLM,HHH,LHL",1
"386",19,"HLH,LLL,LHL,LLL,HMH,LHL,HMH,MLM,HLH,LML,LHL,HMH,LHL,LHL,HMH,MLM,LML,HHH,HMH,HMH,LLL,LLL,HMH,LLL,MHL,LML,MLM,HHH,LHL",0
"402",20,"MLM,HLH,MLM,LHL,HLH,HHH,LML,MMM,MMM,LLL,MHM,MHM,MMM,HMH,HMH,HHH,LLL,MMM,LHL,MMH,MLM,MMM,MLM,MMM,MLM,MHM,MHM",0
"418",21,"LML,MMM,MMM,MLM,MLM,MHM,MMM,MLM,MHM,MMM,LML,MLM,MHM,MHM,LML,MLM,MMM,HHH,HMH,MMM,MMM,MMM,HMH,MLM",1
"438",22,"MMM,LHL,MLM,MHM,LHL,MLM,MMM,LHL,HMH,MLM,LML,LML,MMM,LHL,MMM,HMM,MLM,MLM,MHM,LMM,MMM",1
"439",22,"MMM,LHL,MLM,MHM,LHL,MLM,MMM,LHL,HMH,MLM,LML,LML,MMM,LHL,MMM,HMM,MLM,MLM,MHM,LMM,MMM",0
"441",22,"MMM,LHL,MLM,MHM,LHL,MLM,MMM,LHL,HMH,MLM,LML,LML,MMM,LHL,MMM,HMM,MLM,MLM,MHM,LMM,MMM",1
"442",22,"MMM,LHL,MLM,MHM,LHL,MLM,MMM,LHL,HMH,MLM,LML,LML,MMM,LHL,MMM,HMM,MLM,MLM,MHM,LMM,MMM",0
"444",22,"MMM,LHL,MLM,MHM,LHL,MLM,MMM,LHL,HMH,MLM,LML,LML,MMM,LHL,MMM,HMM,MLM,MLM,MHM,LMM,MMM",1
"458",22,"MMM,LHL,MLM,MHM,LHL,MLM,MMM,LHL,HMH,MLM,LML,LML,MMM,LHL,MMM,HMM,MLM,MLM,MHM,LMM,MMM",1
"459",23,"HMH,LLL,MHL,LML,MLM,HHH,LHL,LLL,LML,HHH",0
"464",23,"HMH,LLL,MHL,LML,MLM,HHH,LHL,LLL,LML,HHH",1
"465",23,"HMH,LLL,MHL,LML,MLM,HHH,LHL,LLL,LML,HHH",0
"467",23,"HMH,LLL,MHL,LML,MLM,HHH,LHL,LLL,LML,HHH",1
"468",23,"HMH,LLL,MHL,LML,MLM,HHH,LHL,LLL,LML,HHH",0
"472",24,"LML,MMM,LML,LLL,LHL,HHH,LLL,MMM,HHH,LLL,MLH,HMH,MHM,LML,LML,HHH,HMH,MLM,LLL,MHM,MMM,LML,MMM,MLM,LLL",1
"474",24,"LML,MMM,LML,LLL,LHL,HHH,LLL,MMM,HHH,LLL,MLH,HMH,MHM,LML,LML,HHH,HMH,MLM,LLL,MHM,MMM,LML,MMM,MLM,LLL",0
"476",24,"LML,MMM,LML,LLL,LHL,HHH,LLL,MMM,HHH,LLL,MLH,HMH,MHM,LML,LML,HHH,HMH,MLM,LLL,MHM,MMM,LML,MMM,MLM,LLL",1
"477",24,"LML,MMM,LML,LLL,LHL,HHH,LLL,MMM,HHH,LLL,MLH,HMH,MHM,LML,LML,HHH,HMH,MLM,LLL,MHM,MMM,LML,MMM,MLM,LLL",0
"485",24,"LML,MMM,LML,LLL,LHL,HHH,LLL,MMM,HHH,LLL,MLH,HMH,MHM,LML,LML,HHH,HMH,MLM,LLL,MHM,MMM,LML,MMM,MLM,LLL",0
"487",24,"LML,MMM,LML,LLL,LHL,HHH,LLL,MMM,HHH,LLL,MLH,HMH,MHM,LML,LML,HHH,HMH,MLM,LLL,MHM,MMM,LML,MMM,MLM,LLL",1
"498",25,"HLH,HMH,HMH,MMM,MLM,LHL,LML,LHL,HLH,HLH,HHH,LHL,LLL,LHL,HMH,MLM,HMH,MMM,LMM,MMM,HHH,HLM,MHM,HHH,MLM,LLL,HHH",1
"500",25,"HLH,HMH,HMH,MMM,MLM,LHL,LML,LHL,HLH,HLH,HHH,LHL,LLL,LHL,HMH,MLM,HMH,MMM,LMM,MMM,HHH,HLM,MHM,HHH,MLM,LLL,HHH",1
"501",25,"HLH,HMH,HMH,MMM,MLM,LHL,LML,LHL,HLH,HLH,HHH,LHL,LLL,LHL,HMH,MLM,HMH,MMM,LMM,MMM,HHH,HLM,MHM,HHH,MLM,LLL,HHH",0
"502",25,"HLH,HMH,HMH,MMM,MLM,LHL,LML,LHL,HLH,HLH,HHH,LHL,LLL,LHL,HMH,MLM,HMH,MMM,LMM,MMM,HHH,HLM,MHM,HHH,MLM,LLL,HHH",0
"505",25,"HLH,HMH,HMH,MMM,MLM,LHL,LML,LHL,HLH,HLH,HHH,LHL,LLL,LHL,HMH,MLM,HMH,MMM,LMM,MMM,HHH,HLM,MHM,HHH,MLM,LLL,HHH",0
"506",25,"HLH,HMH,HMH,MMM,MLM,LHL,LML,LHL,HLH,HLH,HHH,LHL,LLL,LHL,HMH,MLM,HMH,MMM,LMM,MMM,HHH,HLM,MHM,HHH,MLM,LLL,HHH",1
"508",25,"HLH,HMH,HMH,MMM,MLM,LHL,LML,LHL,HLH,HLH,HHH,LHL,LLL,LHL,HMH,MLM,HMH,MMM,LMM,MMM,HHH,HLM,MHM,HHH,MLM,LLL,HHH",0
"514",25,"HLH,HMH,HMH,MMM,MLM,LHL,LML,LHL,HLH,HLH,HHH,LHL,LLL,LHL,HMH,MLM,HMH,MMM,LMM,MMM,HHH,HLM,MHM,HHH,MLM,LLL,HHH",0
"517",25,"HLH,HMH,HMH,MMM,MLM,LHL,LML,LHL,HLH,HLH,HHH,LHL,LLL,LHL,HMH,MLM,HMH,MMM,LMM,MMM,HHH,HLM,MHM,HHH,MLM,LLL,HHH",0
"520",25,"HLH,HMH,HMH,MMM,MLM,LHL,LML,LHL,HLH,HLH,HHH,LHL,LLL,LHL,HMH,MLM,HMH,MMM,LMM,MMM,HHH,HLM,MHM,HHH,MLM,LLL,HHH",0
"526",26,"HMH,HHH,HMH,LLL,MLM,MHM,LHL,LML,HLH,LHL,HLH,HMH,HMH,MMM,MLM,LHL,LML,LHL,HLH,HLH,HHH,LHL,LLL,LHL,HMH,MLM,HMH",1
"528",26,"HMH,HHH,HMH,LLL,MLM,MHM,LHL,LML,HLH,LHL,HLH,HMH,HMH,MMM,MLM,LHL,LML,LHL,HLH,HLH,HHH,LHL,LLL,LHL,HMH,MLM,HMH",0
"529",26,"HMH,HHH,HMH,LLL,MLM,MHM,LHL,LML,HLH,LHL,HLH,HMH,HMH,MMM,MLM,LHL,LML,LHL,HLH,HLH,HHH,LHL,LLL,LHL,HMH,MLM,HMH",1
"530",26,"HMH,HHH,HMH,LLL,MLM,MHM,LHL,LML,HLH,LHL,HLH,HMH,HMH,MMM,MLM,LHL,LML,LHL,HLH,HLH,HHH,LHL,LLL,LHL,HMH,MLM,HMH",0
"535",26,"HMH,HHH,HMH,LLL,MLM,MHM,LHL,LML,HLH,LHL,HLH,HMH,HMH,MMM,MLM,LHL,LML,LHL,HLH,HLH,HHH,LHL,LLL,LHL,HMH,MLM,HMH",1
"537",26,"HMH,HHH,HMH,LLL,MLM,MHM,LHL,LML,HLH,LHL,HLH,HMH,HMH,MMM,MLM,LHL,LML,LHL,HLH,HLH,HHH,LHL,LLL,LHL,HMH,MLM,HMH",1
"538",26,"HMH,HHH,HMH,LLL,MLM,MHM,LHL,LML,HLH,LHL,HLH,HMH,HMH,MMM,MLM,LHL,LML,LHL,HLH,HLH,HHH,LHL,LLL,LHL,HMH,MLM,HMH",0
"539",26,"HMH,HHH,HMH,LLL,MLM,MHM,LHL,LML,HLH,LHL,HLH,HMH,HMH,MMM,MLM,LHL,LML,LHL,HLH,HLH,HHH,LHL,LLL,LHL,HMH,MLM,HMH",0
"542",26,"HMH,HHH,HMH,LLL,MLM,MHM,LHL,LML,HLH,LHL,HLH,HMH,HMH,MMM,MLM,LHL,LML,LHL,HLH,HLH,HHH,LHL,LLL,LHL,HMH,MLM,HMH",0
"543",26,"HMH,HHH,HMH,LLL,MLM,MHM,LHL,LML,HLH,LHL,HLH,HMH,HMH,MMM,MLM,LHL,LML,LHL,HLH,HLH,HHH,LHL,LLL,LHL,HMH,MLM,HMH",1
"545",26,"HMH,HHH,HMH,LLL,MLM,MHM,LHL,LML,HLH,LHL,HLH,HMH,HMH,MMM,MLM,LHL,LML,LHL,HLH,HLH,HHH,LHL,LLL,LHL,HMH,MLM,HMH",0
"549",27,"HLH,LML,MLM,MHM,HHH,LHL,MLM,MHM,MLM,HHH,LML,MLM,LHL,MLM,LHL,MLM,MMM",0
"553",27,"HLH,LML,MLM,MHM,HHH,LHL,MLM,MHM,MLM,HHH,LML,MLM,LHL,MLM,LHL,MLM,MMM",0
"562",27,"HLH,LML,MLM,MHM,HHH,LHL,MLM,MHM,MLM,HHH,LML,MLM,LHL,MLM,LHL,MLM,MMM",0
"565",28,"MLM,MHM,MMM,MLM,MHM,MMM,LML,MLM,MHM,MHM,LML,MLM,MMM,HHH,HMH,MMM,MMM,MMM,HMH,MLM,MLM,LHL,MLM,MMM,MMM,MMM,MMM",1
"585",28,"MLM,MHM,MMM,MLM,MHM,MMM,LML,MLM,MHM,MHM,LML,MLM,MMM,HHH,HMH,MMM,MMM,MMM,HMH,MLM,MLM,LHL,MLM,MMM,MMM,MMM,MMM",1
"592",29,"LHL,LLL,HMH,LHL,HMH,MLM,HLH,LML,LHL,HMH,LHL,LHL,HMH",0
"594",29,"LHL,LLL,HMH,LHL,HMH,MLM,HLH,LML,LHL,HMH,LHL,LHL,HMH",1
"595",29,"LHL,LLL,HMH,LHL,HMH,MLM,HLH,LML,LHL,HMH,LHL,LHL,HMH",0
"596",29,"LHL,LLL,HMH,LHL,HMH,MLM,HLH,LML,LHL,HMH,LHL,LHL,HMH",0
"597",29,"LHL,LLL,HMH,LHL,HMH,MLM,HLH,LML,LHL,HMH,LHL,LHL,HMH",0
"602",29,"LHL,LLL,HMH,LHL,HMH,MLM,HLH,LML,LHL,HMH,LHL,LHL,HMH",1
"603",29,"LHL,LLL,HMH,LHL,HMH,MLM,HLH,LML,LHL,HMH,LHL,LHL,HMH",0
"604",29,"LHL,LLL,HMH,LHL,HMH,MLM,HLH,LML,LHL,HMH,LHL,LHL,HMH",0
"605",30,"LHL,HMH,MMM,HLH,HHH,LLL,LHL,LLL,HHH,LLL,LHL,HLH,HHH",0
"607",30,"LHL,HMH,MMM,HLH,HHH,LLL,LHL,LLL,HHH,LLL,LHL,HLH,HHH",0
"609",30,"LHL,HMH,MMM,HLH,HHH,LLL,LHL,LLL,HHH,LLL,LHL,HLH,HHH",0
"610",30,"LHL,HMH,MMM,HLH,HHH,LLL,LHL,LLL,HHH,LLL,LHL,HLH,HHH",1
"611",30,"LHL,HMH,MMM,HLH,HHH,LLL,LHL,LLL,HHH,LLL,LHL,HLH,HHH",0
"613",30,"LHL,HMH,MMM,HLH,HHH,LLL,LHL,LLL,HHH,LLL,LHL,HLH,HHH",0
"614",30,"LHL,HMH,MMM,HLH,HHH,LLL,LHL,LLL,HHH,LLL,LHL,HLH,HHH",1
"615",30,"LHL,HMH,MMM,HLH,HHH,LLL,LHL,LLL,HHH,LLL,LHL,HLH,HHH",0
"619",31,"LHL,LHL,HLH,HHH,LLL,HLH,HHH,MLM,HLH,MMM,LHL,MLM",0
"620",31,"LHL,LHL,HLH,HHH,LLL,HLH,HHH,MLM,HLH,MMM,LHL,MLM",1
"621",31,"LHL,LHL,HLH,HHH,LLL,HLH,HHH,MLM,HLH,MMM,LHL,MLM",0
"623",31,"LHL,LHL,HLH,HHH,LLL,HLH,HHH,MLM,HLH,MMM,LHL,MLM",1
"624",31,"LHL,LHL,HLH,HHH,LLL,HLH,HHH,MLM,HLH,MMM,LHL,MLM",0
"625",31,"LHL,LHL,HLH,HHH,LLL,HLH,HHH,MLM,HLH,MMM,LHL,MLM",0
"627",31,"LHL,LHL,HLH,HHH,LLL,HLH,HHH,MLM,HLH,MMM,LHL,MLM",1
"628",31,"LHL,LHL,HLH,HHH,LLL,HLH,HHH,MLM,HLH,MMM,LHL,MLM",0
"630",32,"HHH,MLM,MHM,HMH,HLH,LHL,HLH,LLL,HMH,MLM,LHL",0
"631",32,"HHH,MLM,MHM,HMH,HLH,LHL,HLH,LLL,HMH,MLM,LHL",1
"632",32,"HHH,MLM,MHM,HMH,HLH,LHL,HLH,LLL,HMH,MLM,LHL",0
"633",32,"HHH,MLM,MHM,HMH,HLH,LHL,HLH,LLL,HMH,MLM,LHL",0
"634",32,"HHH,MLM,MHM,HMH,HLH,LHL,HLH,LLL,HMH,MLM,LHL",1
"635",32,"HHH,MLM,MHM,HMH,HLH,LHL,HLH,LLL,HMH,MLM,LHL",0
"636",32,"HHH,MLM,MHM,HMH,HLH,LHL,HLH,LLL,HMH,MLM,LHL",0
"639",32,"HHH,MLM,MHM,HMH,HLH,LHL,HLH,LLL,HMH,MLM,LHL",1
"642",33,"HHH,HMH,MLM,LLL,MHM,MMM,LML,MMM,MLM,LLL,MMM,LHL,MLM,HHH,MLM,HHH,MLM,MMM,LHL,MHM,MMM,MLM,MHM,LLL,LML",0
"644",33,"HHH,HMH,MLM,LLL,MHM,MMM,LML,MMM,MLM,LLL,MMM,LHL,MLM,HHH,MLM,HHH,MLM,MMM,LHL,MHM,MMM,MLM,MHM,LLL,LML",1
"651",33,"HHH,HMH,MLM,LLL,MHM,MMM,LML,MMM,MLM,LLL,MMM,LHL,MLM,HHH,MLM,HHH,MLM,MMM,LHL,MHM,MMM,MLM,MHM,LLL,LML",1
"655",33,"HHH,HMH,MLM,LLL,MHM,MMM,LML,MMM,MLM,LLL,MMM,LHL,MLM,HHH,MLM,HHH,MLM,MMM,LHL,MHM,MMM,MLM,MHM,LLL,LML",1
"656",33,"HHH,HMH,MLM,LLL,MHM,MMM,LML,MMM,MLM,LLL,MMM,LHL,MLM,HHH,MLM,HHH,MLM,MMM,LHL,MHM,MMM,MLM,MHM,LLL,LML",0
"665",33,"HHH,HMH,MLM,LLL,MHM,MMM,LML,MMM,MLM,LLL,MMM,LHL,MLM,HHH,MLM,HHH,MLM,MMM,LHL,MHM,MMM,MLM,MHM,LLL,LML",1
"666",34,"MLM,HHH,MLM,LHL,MMM,MMM,MMM,MLM,MLM,MHM",1
"676",35,"MHM,MLM,MLM,HHH,LHL,LHL,LHL,LML,HLH,HLH,LLL,HHH,HLH,LLL,LLL,HHH,LHL,MLM,LHL,MHL",0
"677",35,"MHM,MLM,MLM,HHH,LHL,LHL,LHL,LML,HLH,HLH,LLL,HHH,HLH,LLL,LLL,HHH,LHL,MLM,LHL,MHL",0
"680",35,"MHM,MLM,MLM,HHH,LHL,LHL,LHL,LML,HLH,HLH,LLL,HHH,HLH,LLL,LLL,HHH,LHL,MLM,LHL,MHL",1
"681",35,"MHM,MLM,MLM,HHH,LHL,LHL,LHL,LML,HLH,HLH,LLL,HHH,HLH,LLL,LLL,HHH,LHL,MLM,LHL,MHL",1
"683",35,"MHM,MLM,MLM,HHH,LHL,LHL,LHL,LML,HLH,HLH,LLL,HHH,HLH,LLL,LLL,HHH,LHL,MLM,LHL,MHL",0
"684",35,"MHM,MLM,MLM,HHH,LHL,LHL,LHL,LML,HLH,HLH,LLL,HHH,HLH,LLL,LLL,HHH,LHL,MLM,LHL,MHL",0
"685",35,"MHM,MLM,MLM,HHH,LHL,LHL,LHL,LML,HLH,HLH,LLL,HHH,HLH,LLL,LLL,HHH,LHL,MLM,LHL,MHL",0
"686",35,"MHM,MLM,MLM,HHH,LHL,LHL,LHL,LML,HLH,HLH,LLL,HHH,HLH,LLL,LLL,HHH,LHL,MLM,LHL,MHL",1
"687",35,"MHM,MLM,MLM,HHH,LHL,LHL,LHL,LML,HLH,HLH,LLL,HHH,HLH,LLL,LLL,HHH,LHL,MLM,LHL,MHL",0
"692",35,"MHM,MLM,MLM,HHH,LHL,LHL,LHL,LML,HLH,HLH,LLL,HHH,HLH,LLL,LLL,HHH,LHL,MLM,LHL,MHL",0
"702",36,"HLH,MMM,HMH,LML,MHM,HHH,HLH,LHL,HLH,MLM,MMM,LHL,MHM,HHH,LLL,MLM,LML,MHM,MHM,MLM,HHH,MLM,HLH,MLM,LHL,HLH",1
"703",36,"HLH,MMM,HMH,LML,MHM,HHH,HLH,LHL,HLH,MLM,MMM,LHL,MHM,HHH,LLL,MLM,LML,MHM,MHM,MLM,HHH,MLM,HLH,MLM,LHL,HLH",0
"708",36,"HLH,MMM,HMH,LML,MHM,HHH,HLH,LHL,HLH,MLM,MMM,LHL,MHM,HHH,LLL,MLM,LML,MHM,MHM,MLM,HHH,MLM,HLH,MLM,LHL,HLH",1
"709",36,"HLH,MMM,HMH,LML,MHM,HHH,HLH,LHL,HLH,MLM,MMM,LHL,MHM,HHH,LLL,MLM,LML,MHM,MHM,MLM,HHH,MLM,HLH,MLM,LHL,HLH",0
"715",36,"HLH,MMM,HMH,LML,MHM,HHH,HLH,LHL,HLH,MLM,MMM,LHL,MHM,HHH,LLL,MLM,LML,MHM,MHM,MLM,HHH,MLM,HLH,MLM,LHL,HLH",1
"716",36,"HLH,MMM,HMH,LML,MHM,HHH,HLH,LHL,HLH,MLM,MMM,LHL,MHM,HHH,LLL,MLM,LML,MHM,MHM,MLM,HHH,MLM,HLH,MLM,LHL,HLH",0
"722",37,"LHL,MLM,MMM,LHL,LHL,HLH,HMH,LLL,MLM,MHM,MMM,HHH,LML,MMM,LML,LLL,LHL,HHH,LLL,MMM,HHH,LLL,MLH,HMH,MHM",0
"724",37,"LHL,MLM,MMM,LHL,LHL,HLH,HMH,LLL,MLM,MHM,MMM,HHH,LML,MMM,LML,LLL,LHL,HHH,LLL,MMM,HHH,LLL,MLH,HMH,MHM",1
"725",37,"LHL,MLM,MMM,LHL,LHL,HLH,HMH,LLL,MLM,MHM,MMM,HHH,LML,MMM,LML,LLL,LHL,HHH,LLL,MMM,HHH,LLL,MLH,HMH,MHM",1
"726",37,"LHL,MLM,MMM,LHL,LHL,HLH,HMH,LLL,MLM,MHM,MMM,HHH,LML,MMM,LML,LLL,LHL,HHH,LLL,MMM,HHH,LLL,MLH,HMH,MHM",0
"732",37,"LHL,MLM,MMM,LHL,LHL,HLH,HMH,LLL,MLM,MHM,MMM,HHH,LML,MMM,LML,LLL,LHL,HHH,LLL,MMM,HHH,LLL,MLH,HMH,MHM",1
"737",37,"LHL,MLM,MMM,LHL,LHL,HLH,HMH,LLL,MLM,MHM,MMM,HHH,LML,MMM,LML,LLL,LHL,HHH,LLL,MMM,HHH,LLL,MLH,HMH,MHM",1
"739",37,"LHL,MLM,MMM,LHL,LHL,HLH,HMH,LLL,MLM,MHM,MMM,HHH,LML,MMM,LML,LLL,LHL,HHH,LLL,MMM,HHH,LLL,MLH,HMH,MHM",0
"741",37,"LHL,MLM,MMM,LHL,LHL,HLH,HMH,LLL,MLM,MHM,MMM,HHH,LML,MMM,LML,LLL,LHL,HHH,LLL,MMM,HHH,LLL,MLH,HMH,MHM",1
"742",37,"LHL,MLM,MMM,LHL,LHL,HLH,HMH,LLL,MLM,MHM,MMM,HHH,LML,MMM,LML,LLL,LHL,HHH,LLL,MMM,HHH,LLL,MLH,HMH,MHM",0
"752",38,"HMH,HMH,LML,LLL,HMH,HMH,HHH,LLL,HHH,MHM,LML,HLH,HHH,HMH,HHH,HMH,LHL,HLH,LML,LML,MMM,LLL,LHL,HHH,MLM",1
"753",38,"HMH,HMH,LML,LLL,HMH,HMH,HHH,LLL,HHH,MHM,LML,HLH,HHH,HMH,HHH,HMH,LHL,HLH,LML,LML,MMM,LLL,LHL,HHH,MLM",0
"754",38,"HMH,HMH,LML,LLL,HMH,HMH,HHH,LLL,HHH,MHM,LML,HLH,HHH,HMH,HHH,HMH,LHL,HLH,LML,LML,MMM,LLL,LHL,HHH,MLM",1
"755",38,"HMH,HMH,LML,LLL,HMH,HMH,HHH,LLL,HHH,MHM,LML,HLH,HHH,HMH,HHH,HMH,LHL,HLH,LML,LML,MMM,LLL,LHL,HHH,MLM",1
"757",38,"HMH,HMH,LML,LLL,HMH,HMH,HHH,LLL,HHH,MHM,LML,HLH,HHH,HMH,HHH,HMH,LHL,HLH,LML,LML,MMM,LLL,LHL,HHH,MLM",0
"762",38,"HMH,HMH,LML,LLL,HMH,HMH,HHH,LLL,HHH,MHM,LML,HLH,HHH,HMH,HHH,HMH,LHL,HLH,LML,LML,MMM,LLL,LHL,HHH,MLM",1
"763",38,"HMH,HMH,LML,LLL,HMH,HMH,HHH,LLL,HHH,MHM,LML,HLH,HHH,HMH,HHH,HMH,LHL,HLH,LML,LML,MMM,LLL,LHL,HHH,MLM",0
"767",38,"HMH,HMH,LML,LLL,HMH,HMH,HHH,LLL,HHH,MHM,LML,HLH,HHH,HMH,HHH,HMH,LHL,HLH,LML,LML,MMM,LLL,LHL,HHH,MLM",0
"769",38,"HMH,HMH,LML,LLL,HMH,HMH,HHH,LLL,HHH,MHM,LML,HLH,HHH,HMH,HHH,HMH,LHL,HLH,LML,LML,MMM,LLL,LHL,HHH,MLM",1
"770",38,"HMH,HMH,LML,LLL,HMH,HMH,HHH,LLL,HHH,MHM,LML,HLH,HHH,HMH,HHH,HMH,LHL,HLH,LML,LML,MMM,LLL,LHL,HHH,MLM",0
"771",38,"HMH,HMH,LML,LLL,HMH,HMH,HHH,LLL,HHH,MHM,LML,HLH,HHH,HMH,HHH,HMH,LHL,HLH,LML,LML,MMM,LLL,LHL,HHH,MLM",0
"783",39,"HMH,LML,LML,MMM,LML,MMM,MMM,HMH,LML,LML,MLM,LLL,LHL,MMM,LHL,MHH,HLH,LLL,LHL,LML",1
"785",39,"HMH,LML,LML,MMM,LML,MMM,MMM,HMH,LML,LML,MLM,LLL,LHL,MMM,LHL,MHH,HLH,LLL,LHL,LML",1
"786",39,"HMH,LML,LML,MMM,LML,MMM,MMM,HMH,LML,LML,MLM,LLL,LHL,MMM,LHL,MHH,HLH,LLL,LHL,LML",1
"787",39,"HMH,LML,LML,MMM,LML,MMM,MMM,HMH,LML,LML,MLM,LLL,LHL,MMM,LHL,MHH,HLH,LLL,LHL,LML",0
"788",39,"HMH,LML,LML,MMM,LML,MMM,MMM,HMH,LML,LML,MLM,LLL,LHL,MMM,LHL,MHH,HLH,LLL,LHL,LML",0
"789",39,"HMH,LML,LML,MMM,LML,MMM,MMM,HMH,LML,LML,MLM,LLL,LHL,MMM,LHL,MHH,HLH,LLL,LHL,LML",1
"791",39,"HMH,LML,LML,MMM,LML,MMM,MMM,HMH,LML,LML,MLM,LLL,LHL,MMM,LHL,MHH,HLH,LLL,LHL,LML",1
"793",40,"HHH,HLH,LHL,HLH,MLM,MMM,LHL,MHM,HHH,LLL,MLM,LML,MHM,MHM,MLM,HHH,MLM,HLH,MLM,LHL,HLH,HHH,LML,MMM,MMM,LLL,MHM,MHM,MMM",1
"794",40,"HHH,HLH,LHL,HLH,MLM,MMM,LHL,MHM,HHH,LLL,MLM,LML,MHM,MHM,MLM,HHH,MLM,HLH,MLM,LHL,HLH,HHH,LML,MMM,MMM,LLL,MHM,MHM,MMM",0
"799",40,"HHH,HLH,LHL,HLH,MLM,MMM,LHL,MHM,HHH,LLL,MLM,LML,MHM,MHM,MLM,HHH,MLM,HLH,MLM,LHL,HLH,HHH,LML,MMM,MMM,LLL,MHM,MHM,MMM",1
"800",40,"HHH,HLH,LHL,HLH,MLM,MMM,LHL,MHM,HHH,LLL,MLM,LML,MHM,MHM,MLM,HHH,MLM,HLH,MLM,LHL,HLH,HHH,LML,MMM,MMM,LLL,MHM,MHM,MMM",0
"806",40,"HHH,HLH,LHL,HLH,MLM,MMM,LHL,MHM,HHH,LLL,MLM,LML,MHM,MHM,MLM,HHH,MLM,HLH,MLM,LHL,HLH,HHH,LML,MMM,MMM,LLL,MHM,MHM,MMM",1
"807",40,"HHH,HLH,LHL,HLH,MLM,MMM,LHL,MHM,HHH,LLL,MLM,LML,MHM,MHM,MLM,HHH,MLM,HLH,MLM,LHL,HLH,HHH,LML,MMM,MMM,LLL,MHM,MHM,MMM",0
"821",41,"LHL,LHL,LLL,LLM,HHH,MLM,MHM,LHL,HLH,LLL,LHL,LLL,HMH,LHL,HMH,MLM,HLH,LML,LHL,HMH,LHL,LHL,HMH,MLM,LML,HHH,HMH",1
"822",41,"LHL,LHL,LLL,LLM,HHH,MLM,MHM,LHL,HLH,LLL,LHL,LLL,HMH,LHL,HMH,MLM,HLH,LML,LHL,HMH,LHL,LHL,HMH,MLM,LML,HHH,HMH",0
"823",41,"LHL,LHL,LLL,LLM,HHH,MLM,MHM,LHL,HLH,LLL,LHL,LLL,HMH,LHL,HMH,MLM,HLH,LML,LHL,HMH,LHL,LHL,HMH,MLM,LML,HHH,HMH",0
"824",41,"LHL,LHL,LLL,LLM,HHH,MLM,MHM,LHL,HLH,LLL,LHL,LLL,HMH,LHL,HMH,MLM,HLH,LML,LHL,HMH,LHL,LHL,HMH,MLM,LML,HHH,HMH",1
"825",41,"LHL,LHL,LLL,LLM,HHH,MLM,MHM,LHL,HLH,LLL,LHL,LLL,HMH,LHL,HMH,MLM,HLH,LML,LHL,HMH,LHL,LHL,HMH,MLM,LML,HHH,HMH",0
"827",41,"LHL,LHL,LLL,LLM,HHH,MLM,MHM,LHL,HLH,LLL,LHL,LLL,HMH,LHL,HMH,MLM,HLH,LML,LHL,HMH,LHL,LHL,HMH,MLM,LML,HHH,HMH",1
"828",41,"LHL,LHL,LLL,LLM,HHH,MLM,MHM,LHL,HLH,LLL,LHL,LLL,HMH,LHL,HMH,MLM,HLH,LML,LHL,HMH,LHL,LHL,HMH,MLM,LML,HHH,HMH",0
"829",41,"LHL,LHL,LLL,LLM,HHH,MLM,MHM,LHL,HLH,LLL,LHL,LLL,HMH,LHL,HMH,MLM,HLH,LML,LHL,HMH,LHL,LHL,HMH,MLM,LML,HHH,HMH",0
"830",41,"LHL,LHL,LLL,LLM,HHH,MLM,MHM,LHL,HLH,LLL,LHL,LLL,HMH,LHL,HMH,MLM,HLH,LML,LHL,HMH,LHL,LHL,HMH,MLM,LML,HHH,HMH",1
"831",41,"LHL,LHL,LLL,LLM,HHH,MLM,MHM,LHL,HLH,LLL,LHL,LLL,HMH,LHL,HMH,MLM,HLH,LML,LHL,HMH,LHL,LHL,HMH,MLM,LML,HHH,HMH",0
"833",41,"LHL,LHL,LLL,LLM,HHH,MLM,MHM,LHL,HLH,LLL,LHL,LLL,HMH,LHL,HMH,MLM,HLH,LML,LHL,HMH,LHL,LHL,HMH,MLM,LML,HHH,HMH",1
"834",41,"LHL,LHL,LLL,LLM,HHH,MLM,MHM,LHL,HLH,LLL,LHL,LLL,HMH,LHL,HMH,MLM,HLH,LML,LHL,HMH,LHL,LHL,HMH,MLM,LML,HHH,HMH",0
"835",41,"LHL,LHL,LLL,LLM,HHH,MLM,MHM,LHL,HLH,LLL,LHL,LLL,HMH,LHL,HMH,MLM,HLH,LML,LHL,HMH,LHL,LHL,HMH,MLM,LML,HHH,HMH",0
"836",41,"LHL,LHL,LLL,LLM,HHH,MLM,MHM,LHL,HLH,LLL,LHL,LLL,HMH,LHL,HMH,MLM,HLH,LML,LHL,HMH,LHL,LHL,HMH,MLM,LML,HHH,HMH",0
"841",41,"LHL,LHL,LLL,LLM,HHH,MLM,MHM,LHL,HLH,LLL,LHL,LLL,HMH,LHL,HMH,MLM,HLH,LML,LHL,HMH,LHL,LHL,HMH,MLM,LML,HHH,HMH",1
"842",41,"LHL,LHL,LLL,LLM,HHH,MLM,MHM,LHL,HLH,LLL,LHL,LLL,HMH,LHL,HMH,MLM,HLH,LML,LHL,HMH,LHL,LHL,HMH,MLM,LML,HHH,HMH",0
"843",41,"LHL,LHL,LLL,LLM,HHH,MLM,MHM,LHL,HLH,LLL,LHL,LLL,HMH,LHL,HMH,MLM,HLH,LML,LHL,HMH,LHL,LHL,HMH,MLM,LML,HHH,HMH",0
"845",41,"LHL,LHL,LLL,LLM,HHH,MLM,MHM,LHL,HLH,LLL,LHL,LLL,HMH,LHL,HMH,MLM,HLH,LML,LHL,HMH,LHL,LHL,HMH,MLM,LML,HHH,HMH",1
"848",42,"HLH,HHH,LML,HLH,MLM,LHL,LHL,LLL,HHH,HLH,MLM,LML,HHH,LLL,LHL,HMH,MMH,HMH",1
"850",42,"HLH,HHH,LML,HLH,MLM,LHL,LHL,LLL,HHH,HLH,MLM,LML,HHH,LLL,LHL,HMH,MMH,HMH",0
"852",42,"HLH,HHH,LML,HLH,MLM,LHL,LHL,LLL,HHH,HLH,MLM,LML,HHH,LLL,LHL,HMH,MMH,HMH",1
"853",42,"HLH,HHH,LML,HLH,MLM,LHL,LHL,LLL,HHH,HLH,MLM,LML,HHH,LLL,LHL,HMH,MMH,HMH",1
"854",42,"HLH,HHH,LML,HLH,MLM,LHL,LHL,LLL,HHH,HLH,MLM,LML,HHH,LLL,LHL,HMH,MMH,HMH",0
"855",42,"HLH,HHH,LML,HLH,MLM,LHL,LHL,LLL,HHH,HLH,MLM,LML,HHH,LLL,LHL,HMH,MMH,HMH",1
"856",42,"HLH,HHH,LML,HLH,MLM,LHL,LHL,LLL,HHH,HLH,MLM,LML,HHH,LLL,LHL,HMH,MMH,HMH",0
"857",42,"HLH,HHH,LML,HLH,MLM,LHL,LHL,LLL,HHH,HLH,MLM,LML,HHH,LLL,LHL,HMH,MMH,HMH",0
"861",42,"HLH,HHH,LML,HLH,MLM,LHL,LHL,LLL,HHH,HLH,MLM,LML,HHH,LLL,LHL,HMH,MMH,HMH",1
"870",43,"HLH,HMH,HMH,MMM,MLM,LHL,LML,LHL,HLH,HLH,HHH,LHL,LLL,LHL,HMH,MLM,HMH,MMM,LMM,MMM,HHH,HLM",1
"872",43,"HLH,HMH,HMH,MMM,MLM,LHL,LML,LHL,HLH,HLH,HHH,LHL,LLL,LHL,HMH,MLM,HMH,MMM,LMM,MMM,HHH,HLM",1
"873",43,"HLH,HMH,HMH,MMM,MLM,LHL,LML,LHL,HLH,HLH,HHH,LHL,LLL,LHL,HMH,MLM,HMH,MMM,LMM,MMM,HHH,HLM",0
"874",43,"HLH,HMH,HMH,MMM,MLM,LHL,LML,LHL,HLH,HLH,HHH,LHL,LLL,LHL,HMH,MLM,HMH,MMM,LMM,MMM,HHH,HLM",0
"877",43,"HLH,HMH,HMH,MMM,MLM,LHL,LML,LHL,HLH,HLH,HHH,LHL,LLL,LHL,HMH,MLM,HMH,MMM,LMM,MMM,HHH,HLM",0
"878",43,"HLH,HMH,HMH,MMM,MLM,LHL,LML,LHL,HLH,HLH,HHH,LHL,LLL,LHL,HMH,MLM,HMH,MMM,LMM,MMM,HHH,HLM",1
"880",43,"HLH,HMH,HMH,MMM,MLM,LHL,LML,LHL,HLH,HLH,HHH,LHL,LLL,LHL,HMH,MLM,HMH,MMM,LMM,MMM,HHH,HLM",0
"886",43,"HLH,HMH,HMH,MMM,MLM,LHL,LML,LHL,HLH,HLH,HHH,LHL,LLL,LHL,HMH,MLM,HMH,MMM,LMM,MMM,HHH,HLM",0
"888",44,"LML,MLM,HLH,LLL,LHL,MLH,LML,LHL,MLM,LLL,HLH,LML,HLH,LHL,HMH,LLL,LHL,MLM,MHM,HMM,HMH,HMH,LLL,MLM,HHH,MHM",0
"890",44,"LML,MLM,HLH,LLL,LHL,MLH,LML,LHL,MLM,LLL,HLH,LML,HLH,LHL,HMH,LLL,LHL,MLM,MHM,HMM,HMH,HMH,LLL,MLM,HHH,MHM",0
"891",44,"LML,MLM,HLH,LLL,LHL,MLH,LML,LHL,MLM,LLL,HLH,LML,HLH,LHL,HMH,LLL,LHL,MLM,MHM,HMM,HMH,HMH,LLL,MLM,HHH,MHM",1
"892",44,"LML,MLM,HLH,LLL,LHL,MLH,LML,LHL,MLM,LLL,HLH,LML,HLH,LHL,HMH,LLL,LHL,MLM,MHM,HMM,HMH,HMH,LLL,MLM,HHH,MHM",0
"894",44,"LML,MLM,HLH,LLL,LHL,MLH,LML,LHL,MLM,LLL,HLH,LML,HLH,LHL,HMH,LLL,LHL,MLM,MHM,HMM,HMH,HMH,LLL,MLM,HHH,MHM",1
"895",44,"LML,MLM,HLH,LLL,LHL,MLH,LML,LHL,MLM,LLL,HLH,LML,HLH,LHL,HMH,LLL,LHL,MLM,MHM,HMM,HMH,HMH,LLL,MLM,HHH,MHM",0
"896",44,"LML,MLM,HLH,LLL,LHL,MLH,LML,LHL,MLM,LLL,HLH,LML,HLH,LHL,HMH,LLL,LHL,MLM,MHM,HMM,HMH,HMH,LLL,MLM,HHH,MHM",0
"900",44,"LML,MLM,HLH,LLL,LHL,MLH,LML,LHL,MLM,LLL,HLH,LML,HLH,LHL,HMH,LLL,LHL,MLM,MHM,HMM,HMH,HMH,LLL,MLM,HHH,MHM",1
"902",44,"LML,MLM,HLH,LLL,LHL,MLH,LML,LHL,MLM,LLL,HLH,LML,HLH,LHL,HMH,LLL,LHL,MLM,MHM,HMM,HMH,HMH,LLL,MLM,HHH,MHM",0
"903",44,"LML,MLM,HLH,LLL,LHL,MLH,LML,LHL,MLM,LLL,HLH,LML,HLH,LHL,HMH,LLL,LHL,MLM,MHM,HMM,HMH,HMH,LLL,MLM,HHH,MHM",1
"904",44,"LML,MLM,HLH,LLL,LHL,MLH,LML,LHL,MLM,LLL,HLH,LML,HLH,LHL,HMH,LLL,LHL,MLM,MHM,HMM,HMH,HMH,LLL,MLM,HHH,MHM",0
"909",44,"LML,MLM,HLH,LLL,LHL,MLH,LML,LHL,MLM,LLL,HLH,LML,HLH,LHL,HMH,LLL,LHL,MLM,MHM,HMM,HMH,HMH,LLL,MLM,HHH,MHM",0
"911",44,"LML,MLM,HLH,LLL,LHL,MLH,LML,LHL,MLM,LLL,HLH,LML,HLH,LHL,HMH,LLL,LHL,MLM,MHM,HMM,HMH,HMH,LLL,MLM,HHH,MHM",1
"912",44,"LML,MLM,HLH,LLL,LHL,MLH,LML,LHL,MLM,LLL,HLH,LML,HLH,LHL,HMH,LLL,LHL,MLM,MHM,HMM,HMH,HMH,LLL,MLM,HHH,MHM",1
"913",44,"LML,MLM,HLH,LLL,LHL,MLH,LML,LHL,MLM,LLL,HLH,LML,HLH,LHL,HMH,LLL,LHL,MLM,MHM,HMM,HMH,HMH,LLL,MLM,HHH,MHM",0
"914",46,"HMH,LLL,HHH,LLL,HLH,LML,MMM,LHL,LML,HLH,HMH,LLL,HMH,HMH,LML,LLL,HMH,HMH,HHH,LLL,HHH,MHM,LML,HLH,HHH",0
"915",46,"HMH,LLL,HHH,LLL,HLH,LML,MMM,LHL,LML,HLH,HMH,LLL,HMH,HMH,LML,LLL,HMH,HMH,HHH,LLL,HHH,MHM,LML,HLH,HHH",1
"916",46,"HMH,LLL,HHH,LLL,HLH,LML,MMM,LHL,LML,HLH,HMH,LLL,HMH,HMH,LML,LLL,HMH,HMH,HHH,LLL,HHH,MHM,LML,HLH,HHH",0
"917",46,"HMH,LLL,HHH,LLL,HLH,LML,MMM,LHL,LML,HLH,HMH,LLL,HMH,HMH,LML,LLL,HMH,HMH,HHH,LLL,HHH,MHM,LML,HLH,HHH",0
"920",46,"HMH,LLL,HHH,LLL,HLH,LML,MMM,LHL,LML,HLH,HMH,LLL,HMH,HMH,LML,LLL,HMH,HMH,HHH,LLL,HHH,MHM,LML,HLH,HHH",1
"922",46,"HMH,LLL,HHH,LLL,HLH,LML,MMM,LHL,LML,HLH,HMH,LLL,HMH,HMH,LML,LLL,HMH,HMH,HHH,LLL,HHH,MHM,LML,HLH,HHH",0
"931",46,"HMH,LLL,HHH,LLL,HLH,LML,MMM,LHL,LML,HLH,HMH,LLL,HMH,HMH,LML,LLL,HMH,HMH,HHH,LLL,HHH,MHM,LML,HLH,HHH",1
"932",46,"HMH,LLL,HHH,LLL,HLH,LML,MMM,LHL,LML,HLH,HMH,LLL,HMH,HMH,LML,LLL,HMH,HMH,HHH,LLL,HHH,MHM,LML,HLH,HHH",0
"933",46,"HMH,LLL,HHH,LLL,HLH,LML,MMM,LHL,LML,HLH,HMH,LLL,HMH,HMH,LML,LLL,HMH,HMH,HHH,LLL,HHH,MHM,LML,HLH,HHH",1
"934",46,"HMH,LLL,HHH,LLL,HLH,LML,MMM,LHL,LML,HLH,HMH,LLL,HMH,HMH,LML,LLL,HMH,HMH,HHH,LLL,HHH,MHM,LML,HLH,HHH",1
"936",46,"HMH,LLL,HHH,LLL,HLH,LML,MMM,LHL,LML,HLH,HMH,LLL,HMH,HMH,LML,LLL,HMH,HMH,HHH,LLL,HHH,MHM,LML,HLH,HHH",0
"940",47,"MLM,MHM,HHH,MLM,HHH,HHH,HMH,LLL,MMM,MLM,HMH,MMM,HHH,MMM,HLH,MMM,LML,MLM,HLH,MHM,LML",1
"941",47,"MLM,MHM,HHH,MLM,HHH,HHH,HMH,LLL,MMM,MLM,HMH,MMM,HHH,MMM,HLH,MMM,LML,MLM,HLH,MHM,LML",0
"942",47,"MLM,MHM,HHH,MLM,HHH,HHH,HMH,LLL,MMM,MLM,HMH,MMM,HHH,MMM,HLH,MMM,LML,MLM,HLH,MHM,LML",1
"943",47,"MLM,MHM,HHH,MLM,HHH,HHH,HMH,LLL,MMM,MLM,HMH,MMM,HHH,MMM,HLH,MMM,LML,MLM,HLH,MHM,LML",1
"945",47,"MLM,MHM,HHH,MLM,HHH,HHH,HMH,LLL,MMM,MLM,HMH,MMM,HHH,MMM,HLH,MMM,LML,MLM,HLH,MHM,LML",0
"947",47,"MLM,MHM,HHH,MLM,HHH,HHH,HMH,LLL,MMM,MLM,HMH,MMM,HHH,MMM,HLH,MMM,LML,MLM,HLH,MHM,LML",0
"950",47,"MLM,MHM,HHH,MLM,HHH,HHH,HMH,LLL,MMM,MLM,HMH,MMM,HHH,MMM,HLH,MMM,LML,MLM,HLH,MHM,LML",1
"952",47,"MLM,MHM,HHH,MLM,HHH,HHH,HMH,LLL,MMM,MLM,HMH,MMM,HHH,MMM,HLH,MMM,LML,MLM,HLH,MHM,LML",0
"955",47,"MLM,MHM,HHH,MLM,HHH,HHH,HMH,LLL,MMM,MLM,HMH,MMM,HHH,MMM,HLH,MMM,LML,MLM,HLH,MHM,LML",0
"957",47,"MLM,MHM,HHH,MLM,HHH,HHH,HMH,LLL,MMM,MLM,HMH,MMM,HHH,MMM,HLH,MMM,LML,MLM,HLH,MHM,LML",1
"959",47,"MLM,MHM,HHH,MLM,HHH,HHH,HMH,LLL,MMM,MLM,HMH,MMM,HHH,MMM,HLH,MMM,LML,MLM,HLH,MHM,LML",1
"963",48,"HLH,HMM,MLM,MLM,MHM,HHH,MLM,HMH,HHH,LML,MLM,LHL,HMH,HMH",1
"967",48,"HLH,HMM,MLM,MLM,MHM,HHH,MLM,HMH,HHH,LML,MLM,LHL,HMH,HMH",1
"969",48,"HLH,HMM,MLM,MLM,MHM,HHH,MLM,HMH,HHH,LML,MLM,LHL,HMH,HMH",0
"970",48,"HLH,HMM,MLM,MLM,MHM,HHH,MLM,HMH,HHH,LML,MLM,LHL,HMH,HMH",1
"971",48,"HLH,HMM,MLM,MLM,MHM,HHH,MLM,HMH,HHH,LML,MLM,LHL,HMH,HMH",0
"972",48,"HLH,HMM,MLM,MLM,MHM,HHH,MLM,HMH,HHH,LML,MLM,LHL,HMH,HMH",0
"973",48,"HLH,HMM,MLM,MLM,MHM,HHH,MLM,HMH,HHH,LML,MLM,LHL,HMH,HMH",0
"975",49,"LML,MMM,MLM,LHL,LML,MMM,MMM,LML,HMH,MHM,LLL,MMM,LML,HHH,MLM,HHH,MMM,MLM,MMM,HMH,LML,MMM,MMM,MMM,MMM,MMM",0
"976",49,"LML,MMM,MLM,LHL,LML,MMM,MMM,LML,HMH,MHM,LLL,MMM,LML,HHH,MLM,HHH,MMM,MLM,MMM,HMH,LML,MMM,MMM,MMM,MMM,MMM",1
"982",49,"LML,MMM,MLM,LHL,LML,MMM,MMM,LML,HMH,MHM,LLL,MMM,LML,HHH,MLM,HHH,MMM,MLM,MMM,HMH,LML,MMM,MMM,MMM,MMM,MMM",1
"983",49,"LML,MMM,MLM,LHL,LML,MMM,MMM,LML,HMH,MHM,LLL,MMM,LML,HHH,MLM,HHH,MMM,MLM,MMM,HMH,LML,MMM,MMM,MMM,MMM,MMM",0
"986",49,"LML,MMM,MLM,LHL,LML,MMM,MMM,LML,HMH,MHM,LLL,MMM,LML,HHH,MLM,HHH,MMM,MLM,MMM,HMH,LML,MMM,MMM,MMM,MMM,MMM",1
"987",49,"LML,MMM,MLM,LHL,LML,MMM,MMM,LML,HMH,MHM,LLL,MMM,LML,HHH,MLM,HHH,MMM,MLM,MMM,HMH,LML,MMM,MMM,MMM,MMM,MMM",0
"988",49,"LML,MMM,MLM,LHL,LML,MMM,MMM,LML,HMH,MHM,LLL,MMM,LML,HHH,MLM,HHH,MMM,MLM,MMM,HMH,LML,MMM,MMM,MMM,MMM,MMM",1
"990",49,"LML,MMM,MLM,LHL,LML,MMM,MMM,LML,HMH,MHM,LLL,MMM,LML,HHH,MLM,HHH,MMM,MLM,MMM,HMH,LML,MMM,MMM,MMM,MMM,MMM",0
"999",49,"LML,MMM,MLM,LHL,LML,MMM,MMM,LML,HMH,MHM,LLL,MMM,LML,HHH,MLM,HHH,MMM,MLM,MMM,HMH,LML,MMM,MMM,MMM,MMM,MMM",1
"1000",50,"HHH,MLM,HHH,LML,MLM,HHH,HLH,LHL,HLH,LML",0
"1001",50,"HHH,MLM,HHH,LML,MLM,HHH,HLH,LHL,HLH,LML",1
"1003",50,"HHH,MLM,HHH,LML,MLM,HHH,HLH,LHL,HLH,LML",0
"1004",50,"HHH,MLM,HHH,LML,MLM,HHH,HLH,LHL,HLH,LML",1
"1005",50,"HHH,MLM,HHH,LML,MLM,HHH,HLH,LHL,HLH,LML",0
"1006",50,"HHH,MLM,HHH,LML,MLM,HHH,HLH,LHL,HLH,LML",1
"1007",50,"HHH,MLM,HHH,LML,MLM,HHH,HLH,LHL,HLH,LML",0
"1009",50,"HHH,MLM,HHH,LML,MLM,HHH,HLH,LHL,HLH,LML",1
"1011",51,"HMH,HMH,LLL,HHH,LLL,HLH,LML,MMM,LHL,LML,HLH,HMH,LLL,HMH,HMH,LML,LLL,HMH,HMH,HHH,LLL",0
"1012",51,"HMH,HMH,LLL,HHH,LLL,HLH,LML,MMM,LHL,LML,HLH,HMH,LLL,HMH,HMH,LML,LLL,HMH,HMH,HHH,LLL",1
"1013",51,"HMH,HMH,LLL,HHH,LLL,HLH,LML,MMM,LHL,LML,HLH,HMH,LLL,HMH,HMH,LML,LLL,HMH,HMH,HHH,LLL",0
"1014",51,"HMH,HMH,LLL,HHH,LLL,HLH,LML,MMM,LHL,LML,HLH,HMH,LLL,HMH,HMH,LML,LLL,HMH,HMH,HHH,LLL",0
"1017",51,"HMH,HMH,LLL,HHH,LLL,HLH,LML,MMM,LHL,LML,HLH,HMH,LLL,HMH,HMH,LML,LLL,HMH,HMH,HHH,LLL",1
"1019",51,"HMH,HMH,LLL,HHH,LLL,HLH,LML,MMM,LHL,LML,HLH,HMH,LLL,HMH,HMH,LML,LLL,HMH,HMH,HHH,LLL",0
"1028",51,"HMH,HMH,LLL,HHH,LLL,HLH,LML,MMM,LHL,LML,HLH,HMH,LLL,HMH,HMH,LML,LLL,HMH,HMH,HHH,LLL",1
"1029",51,"HMH,HMH,LLL,HHH,LLL,HLH,LML,MMM,LHL,LML,HLH,HMH,LLL,HMH,HMH,LML,LLL,HMH,HMH,HHH,LLL",0
"1030",51,"HMH,HMH,LLL,HHH,LLL,HLH,LML,MMM,LHL,LML,HLH,HMH,LLL,HMH,HMH,LML,LLL,HMH,HMH,HHH,LLL",1
"1031",52,"HHH,LLL,MLM,LML,LHL,MLM,MHM,MLM,MMM,MMM,MLM,LHL,LML,LHL,LHL,LHL,HLH,LLL,MLM,HHH,LLL,LML,LLL,MLL,LHL,MHM",0
"1034",52,"HHH,LLL,MLM,LML,LHL,MLM,MHM,MLM,MMM,MMM,MLM,LHL,LML,LHL,LHL,LHL,HLH,LLL,MLM,HHH,LLL,LML,LLL,MLL,LHL,MHM",1
"1035",52,"HHH,LLL,MLM,LML,LHL,MLM,MHM,MLM,MMM,MMM,MLM,LHL,LML,LHL,LHL,LHL,HLH,LLL,MLM,HHH,LLL,LML,LLL,MLL,LHL,MHM",0
"1043",52,"HHH,LLL,MLM,LML,LHL,MLM,MHM,MLM,MMM,MMM,MLM,LHL,LML,LHL,LHL,LHL,HLH,LLL,MLM,HHH,LLL,LML,LLL,MLL,LHL,MHM",1
"1044",52,"HHH,LLL,MLM,LML,LHL,MLM,MHM,MLM,MMM,MMM,MLM,LHL,LML,LHL,LHL,LHL,HLH,LLL,MLM,HHH,LLL,LML,LLL,MLL,LHL,MHM",1
"1045",52,"HHH,LLL,MLM,LML,LHL,MLM,MHM,MLM,MMM,MMM,MLM,LHL,LML,LHL,LHL,LHL,HLH,LLL,MLM,HHH,LLL,LML,LLL,MLL,LHL,MHM",1
"1046",52,"HHH,LLL,MLM,LML,LHL,MLM,MHM,MLM,MMM,MMM,MLM,LHL,LML,LHL,LHL,LHL,HLH,LLL,MLM,HHH,LLL,LML,LLL,MLL,LHL,MHM",0
"1047",52,"HHH,LLL,MLM,LML,LHL,MLM,MHM,MLM,MMM,MMM,MLM,LHL,LML,LHL,LHL,LHL,HLH,LLL,MLM,HHH,LLL,LML,LLL,MLL,LHL,MHM",0
"1049",52,"HHH,LLL,MLM,LML,LHL,MLM,MHM,MLM,MMM,MMM,MLM,LHL,LML,LHL,LHL,LHL,HLH,LLL,MLM,HHH,LLL,LML,LLL,MLL,LHL,MHM",1
"1050",52,"HHH,LLL,MLM,LML,LHL,MLM,MHM,MLM,MMM,MMM,MLM,LHL,LML,LHL,LHL,LHL,HLH,LLL,MLM,HHH,LLL,LML,LLL,MLL,LHL,MHM",0
"1052",52,"HHH,LLL,MLM,LML,LHL,MLM,MHM,MLM,MMM,MMM,MLM,LHL,LML,LHL,LHL,LHL,HLH,LLL,MLM,HHH,LLL,LML,LLL,MLL,LHL,MHM",0
"1053",52,"HHH,LLL,MLM,LML,LHL,MLM,MHM,MLM,MMM,MMM,MLM,LHL,LML,LHL,LHL,LHL,HLH,LLL,MLM,HHH,LLL,LML,LLL,MLL,LHL,MHM",0
"1054",52,"HHH,LLL,MLM,LML,LHL,MLM,MHM,MLM,MMM,MMM,MLM,LHL,LML,LHL,LHL,LHL,HLH,LLL,MLM,HHH,LLL,LML,LLL,MLL,LHL,MHM",1
"1055",52,"HHH,LLL,MLM,LML,LHL,MLM,MHM,MLM,MMM,MMM,MLM,LHL,LML,LHL,LHL,LHL,HLH,LLL,MLM,HHH,LLL,LML,LLL,MLL,LHL,MHM",1
"1056",52,"HHH,LLL,MLM,LML,LHL,MLM,MHM,MLM,MMM,MMM,MLM,LHL,LML,LHL,LHL,LHL,HLH,LLL,MLM,HHH,LLL,LML,LLL,MLL,LHL,MHM",0
"1057",53,"LHL,MLM,MLM,MLM,HMH,LML,HMH,LML,MMM",0
"1058",53,"LHL,MLM,MLM,MLM,HMH,LML,HMH,LML,MMM",0
"1068",54,"HHH,LML,MLM,LHL,MMM,HLH,LLL,HHH,LLL,HHH,MLM,MHM,HLH",1
"1070",54,"HHH,LML,MLM,LHL,MMM,HLH,LLL,HHH,LLL,HHH,MLM,MHM,HLH",0
"1072",54,"HHH,LML,MLM,LHL,MMM,HLH,LLL,HHH,LLL,HHH,MLM,MHM,HLH",1
"1073",54,"HHH,LML,MLM,LHL,MMM,HLH,LLL,HHH,LLL,HHH,MLM,MHM,HLH",0
"1074",54,"HHH,LML,MLM,LHL,MMM,HLH,LLL,HHH,LLL,HHH,MLM,MHM,HLH",1
"1075",54,"HHH,LML,MLM,LHL,MMM,HLH,LLL,HHH,LLL,HHH,MLM,MHM,HLH",0
"1077",54,"HHH,LML,MLM,LHL,MMM,HLH,LLL,HHH,LLL,HHH,MLM,MHM,HLH",0
"1091",56,"HLH,HMH,MMM,HHH,HHH,LLL,HMH,MLM,HMH,HLH,LHL",1
"1092",56,"HLH,HMH,MMM,HHH,HHH,LLL,HMH,MLM,HMH,HLH,LHL",0
"1093",56,"HLH,HMH,MMM,HHH,HHH,LLL,HMH,MLM,HMH,HLH,LHL",0
"1094",56,"HLH,HMH,MMM,HHH,HHH,LLL,HMH,MLM,HMH,HLH,LHL",0
"1097",56,"HLH,HMH,MMM,HHH,HHH,LLL,HMH,MLM,HMH,HLH,LHL",1
"1098",56,"HLH,HMH,MMM,HHH,HHH,LLL,HMH,MLM,HMH,HLH,LHL",0
"1100",57,"HLH,HMH,MLM,LML,LLL,HLH,LML,HMH,MMM,LML,MMM,LLL,LHL,LML",0
"1102",57,"HLH,HMH,MLM,LML,LLL,HLH,LML,HMH,MMM,LML,MMM,LLL,LHL,LML",0
"1110",57,"HLH,HMH,MLM,LML,LLL,HLH,LML,HMH,MMM,LML,MMM,LLL,LHL,LML",1
"1113",58,"MMM,HHH,HLH,LLL,MHM,HHH,LLL,HHH,HLH,HMH,MHM,MLM,HHH,HMH,HMH,HHH,LLL,HLH,HHH",1
"1114",58,"MMM,HHH,HLH,LLL,MHM,HHH,LLL,HHH,HLH,HMH,MHM,MLM,HHH,HMH,HMH,HHH,LLL,HLH,HHH",0
"1115",58,"MMM,HHH,HLH,LLL,MHM,HHH,LLL,HHH,HLH,HMH,MHM,MLM,HHH,HMH,HMH,HHH,LLL,HLH,HHH",0
"1116",58,"MMM,HHH,HLH,LLL,MHM,HHH,LLL,HHH,HLH,HMH,MHM,MLM,HHH,HMH,HMH,HHH,LLL,HLH,HHH",1
"1117",58,"MMM,HHH,HLH,LLL,MHM,HHH,LLL,HHH,HLH,HMH,MHM,MLM,HHH,HMH,HMH,HHH,LLL,HLH,HHH",1
"1118",58,"MMM,HHH,HLH,LLL,MHM,HHH,LLL,HHH,HLH,HMH,MHM,MLM,HHH,HMH,HMH,HHH,LLL,HLH,HHH",0
"1119",58,"MMM,HHH,HLH,LLL,MHM,HHH,LLL,HHH,HLH,HMH,MHM,MLM,HHH,HMH,HMH,HHH,LLL,HLH,HHH",1
"1120",58,"MMM,HHH,HLH,LLL,MHM,HHH,LLL,HHH,HLH,HMH,MHM,MLM,HHH,HMH,HMH,HHH,LLL,HLH,HHH",0
"1122",58,"MMM,HHH,HLH,LLL,MHM,HHH,LLL,HHH,HLH,HMH,MHM,MLM,HHH,HMH,HMH,HHH,LLL,HLH,HHH",1
"1123",58,"MMM,HHH,HLH,LLL,MHM,HHH,LLL,HHH,HLH,HMH,MHM,MLM,HHH,HMH,HMH,HHH,LLL,HLH,HHH",0
"1124",58,"MMM,HHH,HLH,LLL,MHM,HHH,LLL,HHH,HLH,HMH,MHM,MLM,HHH,HMH,HMH,HHH,LLL,HLH,HHH",1
"1127",58,"MMM,HHH,HLH,LLL,MHM,HHH,LLL,HHH,HLH,HMH,MHM,MLM,HHH,HMH,HMH,HHH,LLL,HLH,HHH",1
"1128",58,"MMM,HHH,HLH,LLL,MHM,HHH,LLL,HHH,HLH,HMH,MHM,MLM,HHH,HMH,HMH,HHH,LLL,HLH,HHH",0
"1129",58,"MMM,HHH,HLH,LLL,MHM,HHH,LLL,HHH,HLH,HMH,MHM,MLM,HHH,HMH,HMH,HHH,LLL,HLH,HHH",0
"1130",58,"MMM,HHH,HLH,LLL,MHM,HHH,LLL,HHH,HLH,HMH,MHM,MLM,HHH,HMH,HMH,HHH,LLL,HLH,HHH",1
"1131",58,"MMM,HHH,HLH,LLL,MHM,HHH,LLL,HHH,HLH,HMH,MHM,MLM,HHH,HMH,HMH,HHH,LLL,HLH,HHH",1
"1133",59,"HHH,HMH,LHL,MLM,HMH,LML,HLH,HMH,MLM,LHL,HMH,MMM,MLM",1
"1134",59,"HHH,HMH,LHL,MLM,HMH,LML,HLH,HMH,MLM,LHL,HMH,MMM,MLM",0
"1137",59,"HHH,HMH,LHL,MLM,HMH,LML,HLH,HMH,MLM,LHL,HMH,MMM,MLM",0
"1139",59,"HHH,HMH,LHL,MLM,HMH,LML,HLH,HMH,MLM,LHL,HMH,MMM,MLM",0
"1140",59,"HHH,HMH,LHL,MLM,HMH,LML,HLH,HMH,MLM,LHL,HMH,MMM,MLM",1
"1145",60,"LML,LHL,HLH,MLM,LML,HHH,MHL,LHL,MLM,MLM,MLM,HMH,LML,HMH",1
"1146",60,"LML,LHL,HLH,MLM,LML,HHH,MHL,LHL,MLM,MLM,MLM,HMH,LML,HMH",0
"1147",60,"LML,LHL,HLH,MLM,LML,HHH,MHL,LHL,MLM,MLM,MLM,HMH,LML,HMH",0
"1151",60,"LML,LHL,HLH,MLM,LML,HHH,MHL,LHL,MLM,MLM,MLM,HMH,LML,HMH",1
"1152",60,"LML,LHL,HLH,MLM,LML,HHH,MHL,LHL,MLM,MLM,MLM,HMH,LML,HMH",0
"1153",60,"LML,LHL,HLH,MLM,LML,HHH,MHL,LHL,MLM,MLM,MLM,HMH,LML,HMH",0
"1159",61,"HHH,LLL,MMM,HHH,LLL,MLH,HMH,MHM,LML,LML,HHH,HMH,MLM",0
"1161",61,"HHH,LLL,MMM,HHH,LLL,MLH,HMH,MHM,LML,LML,HHH,HMH,MLM",1
"1162",61,"HHH,LLL,MMM,HHH,LLL,MLH,HMH,MHM,LML,LML,HHH,HMH,MLM",0
"1170",61,"HHH,LLL,MMM,HHH,LLL,MLH,HMH,MHM,LML,LML,HHH,HMH,MLM",0
"1172",62,"LML,HLH,HMH,LML,HMH,HMH,HLH,HMH,MMM,HHH,HHH,LLL,HMH,MLM,HMH,HLH,LHL,HLH,LHL,LHL,HLH,HMH,LML",0
"1177",62,"LML,HLH,HMH,LML,HMH,HMH,HLH,HMH,MMM,HHH,HHH,LLL,HMH,MLM,HMH,HLH,LHL,HLH,LHL,LHL,HLH,HMH,LML",0
"1181",62,"LML,HLH,HMH,LML,HMH,HMH,HLH,HMH,MMM,HHH,HHH,LLL,HMH,MLM,HMH,HLH,LHL,HLH,LHL,LHL,HLH,HMH,LML",1
"1182",62,"LML,HLH,HMH,LML,HMH,HMH,HLH,HMH,MMM,HHH,HHH,LLL,HMH,MLM,HMH,HLH,LHL,HLH,LHL,LHL,HLH,HMH,LML",0
"1183",62,"LML,HLH,HMH,LML,HMH,HMH,HLH,HMH,MMM,HHH,HHH,LLL,HMH,MLM,HMH,HLH,LHL,HLH,LHL,LHL,HLH,HMH,LML",0
"1184",62,"LML,HLH,HMH,LML,HMH,HMH,HLH,HMH,MMM,HHH,HHH,LLL,HMH,MLM,HMH,HLH,LHL,HLH,LHL,LHL,HLH,HMH,LML",0
"1187",62,"LML,HLH,HMH,LML,HMH,HMH,HLH,HMH,MMM,HHH,HHH,LLL,HMH,MLM,HMH,HLH,LHL,HLH,LHL,LHL,HLH,HMH,LML",1
"1188",62,"LML,HLH,HMH,LML,HMH,HMH,HLH,HMH,MMM,HHH,HHH,LLL,HMH,MLM,HMH,HLH,LHL,HLH,LHL,LHL,HLH,HMH,LML",0
"1189",62,"LML,HLH,HMH,LML,HMH,HMH,HLH,HMH,MMM,HHH,HHH,LLL,HMH,MLM,HMH,HLH,LHL,HLH,LHL,LHL,HLH,HMH,LML",1
"1190",62,"LML,HLH,HMH,LML,HMH,HMH,HLH,HMH,MMM,HHH,HHH,LLL,HMH,MLM,HMH,HLH,LHL,HLH,LHL,LHL,HLH,HMH,LML",1
"1191",62,"LML,HLH,HMH,LML,HMH,HMH,HLH,HMH,MMM,HHH,HHH,LLL,HMH,MLM,HMH,HLH,LHL,HLH,LHL,LHL,HLH,HMH,LML",0
"1197",63,"LML,HHH,LLL,LHL,HMH,MMH,HMH,LHL,HLH",1
"1205",64,"HMH,HMH,HHH,LLL,HHH,MHM,LML,HLH,HHH,HMH,HHH,HMH,LHL,HLH,LML,LML,MMM,LLL,LHL,HHH",1
"1206",64,"HMH,HMH,HHH,LLL,HHH,MHM,LML,HLH,HHH,HMH,HHH,HMH,LHL,HLH,LML,LML,MMM,LLL,LHL,HHH",0
"1207",64,"HMH,HMH,HHH,LLL,HHH,MHM,LML,HLH,HHH,HMH,HHH,HMH,LHL,HLH,LML,LML,MMM,LLL,LHL,HHH",1
"1208",64,"HMH,HMH,HHH,LLL,HHH,MHM,LML,HLH,HHH,HMH,HHH,HMH,LHL,HLH,LML,LML,MMM,LLL,LHL,HHH",1
"1210",64,"HMH,HMH,HHH,LLL,HHH,MHM,LML,HLH,HHH,HMH,HHH,HMH,LHL,HLH,LML,LML,MMM,LLL,LHL,HHH",0
"1215",64,"HMH,HMH,HHH,LLL,HHH,MHM,LML,HLH,HHH,HMH,HHH,HMH,LHL,HLH,LML,LML,MMM,LLL,LHL,HHH",1
"1216",64,"HMH,HMH,HHH,LLL,HHH,MHM,LML,HLH,HHH,HMH,HHH,HMH,LHL,HLH,LML,LML,MMM,LLL,LHL,HHH",0
"1220",64,"HMH,HMH,HHH,LLL,HHH,MHM,LML,HLH,HHH,HMH,HHH,HMH,LHL,HLH,LML,LML,MMM,LLL,LHL,HHH",0
"1222",64,"HMH,HMH,HHH,LLL,HHH,MHM,LML,HLH,HHH,HMH,HHH,HMH,LHL,HLH,LML,LML,MMM,LLL,LHL,HHH",1
"1223",64,"HMH,HMH,HHH,LLL,HHH,MHM,LML,HLH,HHH,HMH,HHH,HMH,LHL,HLH,LML,LML,MMM,LLL,LHL,HHH",0
"1224",65,"MHM,MLM,HHH,LML,LLL,LLL,HLH,MHM,LLL,MLM",0
"1225",65,"MHM,MLM,HHH,LML,LLL,LLL,HLH,MHM,LLL,MLM",1
"1226",65,"MHM,MLM,HHH,LML,LLL,LLL,HLH,MHM,LLL,MLM",1
"1227",65,"MHM,MLM,HHH,LML,LLL,LLL,HLH,MHM,LLL,MLM",0
"1228",65,"MHM,MLM,HHH,LML,LLL,LLL,HLH,MHM,LLL,MLM",0
"1229",65,"MHM,MLM,HHH,LML,LLL,LLL,HLH,MHM,LLL,MLM",0
"1230",65,"MHM,MLM,HHH,LML,LLL,LLL,HLH,MHM,LLL,MLM",1
"1231",65,"MHM,MLM,HHH,LML,LLL,LLL,HLH,MHM,LLL,MLM",0
"1232",65,"MHM,MLM,HHH,LML,LLL,LLL,HLH,MHM,LLL,MLM",0
"1233",65,"MHM,MLM,HHH,LML,LLL,LLL,HLH,MHM,LLL,MLM",1
"1234",66,"HHH,LLL,HHH,MHM,LML,HLH,HHH,HMH,HHH,HMH,LHL,HLH,LML,LML,MMM,LLL,LHL,HHH,MLM,HLH,HMM,MLM,MLM,MHM,HHH,MLM,HMH,HHH",0
"1235",66,"HHH,LLL,HHH,MHM,LML,HLH,HHH,HMH,HHH,HMH,LHL,HLH,LML,LML,MMM,LLL,LHL,HHH,MLM,HLH,HMM,MLM,MLM,MHM,HHH,MLM,HMH,HHH",1
"1236",66,"HHH,LLL,HHH,MHM,LML,HLH,HHH,HMH,HHH,HMH,LHL,HLH,LML,LML,MMM,LLL,LHL,HHH,MLM,HLH,HMM,MLM,MLM,MHM,HHH,MLM,HMH,HHH",1
"1238",66,"HHH,LLL,HHH,MHM,LML,HLH,HHH,HMH,HHH,HMH,LHL,HLH,LML,LML,MMM,LLL,LHL,HHH,MLM,HLH,HMM,MLM,MLM,MHM,HHH,MLM,HMH,HHH",0
"1243",66,"HHH,LLL,HHH,MHM,LML,HLH,HHH,HMH,HHH,HMH,LHL,HLH,LML,LML,MMM,LLL,LHL,HHH,MLM,HLH,HMM,MLM,MLM,MHM,HHH,MLM,HMH,HHH",1
"1244",66,"HHH,LLL,HHH,MHM,LML,HLH,HHH,HMH,HHH,HMH,LHL,HLH,LML,LML,MMM,LLL,LHL,HHH,MLM,HLH,HMM,MLM,MLM,MHM,HHH,MLM,HMH,HHH",0
"1248",66,"HHH,LLL,HHH,MHM,LML,HLH,HHH,HMH,HHH,HMH,LHL,HLH,LML,LML,MMM,LLL,LHL,HHH,MLM,HLH,HMM,MLM,MLM,MHM,HHH,MLM,HMH,HHH",0
"1250",66,"HHH,LLL,HHH,MHM,LML,HLH,HHH,HMH,HHH,HMH,LHL,HLH,LML,LML,MMM,LLL,LHL,HHH,MLM,HLH,HMM,MLM,MLM,MHM,HHH,MLM,HMH,HHH",1
"1251",66,"HHH,LLL,HHH,MHM,LML,HLH,HHH,HMH,HHH,HMH,LHL,HLH,LML,LML,MMM,LLL,LHL,HHH,MLM,HLH,HMM,MLM,MLM,MHM,HHH,MLM,HMH,HHH",0
"1252",66,"HHH,LLL,HHH,MHM,LML,HLH,HHH,HMH,HHH,HMH,LHL,HLH,LML,LML,MMM,LLL,LHL,HHH,MLM,HLH,HMM,MLM,MLM,MHM,HHH,MLM,HMH,HHH",0
"1256",66,"HHH,LLL,HHH,MHM,LML,HLH,HHH,HMH,HHH,HMH,LHL,HLH,LML,LML,MMM,LLL,LHL,HHH,MLM,HLH,HMM,MLM,MLM,MHM,HHH,MLM,HMH,HHH",1
"1260",66,"HHH,LLL,HHH,MHM,LML,HLH,HHH,HMH,HHH,HMH,LHL,HLH,LML,LML,MMM,LLL,LHL,HHH,MLM,HLH,HMM,MLM,MLM,MHM,HHH,MLM,HMH,HHH",1
"1262",67,"MLM,MHM,HMH,HLH,LHL,HLH,LLL,HMH,MLM,LHL,MMM,LHL,LHL,HLH,LML,HLH,MHL,HLH,MMM,LLL,LHL",1
"1263",67,"MLM,MHM,HMH,HLH,LHL,HLH,LLL,HMH,MLM,LHL,MMM,LHL,LHL,HLH,LML,HLH,MHL,HLH,MMM,LLL,LHL",0
"1264",67,"MLM,MHM,HMH,HLH,LHL,HLH,LLL,HMH,MLM,LHL,MMM,LHL,LHL,HLH,LML,HLH,MHL,HLH,MMM,LLL,LHL",0
"1265",67,"MLM,MHM,HMH,HLH,LHL,HLH,LLL,HMH,MLM,LHL,MMM,LHL,LHL,HLH,LML,HLH,MHL,HLH,MMM,LLL,LHL",1
"1266",67,"MLM,MHM,HMH,HLH,LHL,HLH,LLL,HMH,MLM,LHL,MMM,LHL,LHL,HLH,LML,HLH,MHL,HLH,MMM,LLL,LHL",0
"1267",67,"MLM,MHM,HMH,HLH,LHL,HLH,LLL,HMH,MLM,LHL,MMM,LHL,LHL,HLH,LML,HLH,MHL,HLH,MMM,LLL,LHL",0
"1270",67,"MLM,MHM,HMH,HLH,LHL,HLH,LLL,HMH,MLM,LHL,MMM,LHL,LHL,HLH,LML,HLH,MHL,HLH,MMM,LLL,LHL",1
"1272",67,"MLM,MHM,HMH,HLH,LHL,HLH,LLL,HMH,MLM,LHL,MMM,LHL,LHL,HLH,LML,HLH,MHL,HLH,MMM,LLL,LHL",1
"1273",67,"MLM,MHM,HMH,HLH,LHL,HLH,LLL,HMH,MLM,LHL,MMM,LHL,LHL,HLH,LML,HLH,MHL,HLH,MMM,LLL,LHL",1
"1274",67,"MLM,MHM,HMH,HLH,LHL,HLH,LLL,HMH,MLM,LHL,MMM,LHL,LHL,HLH,LML,HLH,MHL,HLH,MMM,LLL,LHL",0
"1276",67,"MLM,MHM,HMH,HLH,LHL,HLH,LLL,HMH,MLM,LHL,MMM,LHL,LHL,HLH,LML,HLH,MHL,HLH,MMM,LLL,LHL",0
"1278",67,"MLM,MHM,HMH,HLH,LHL,HLH,LLL,HMH,MLM,LHL,MMM,LHL,LHL,HLH,LML,HLH,MHL,HLH,MMM,LLL,LHL",0
"1282",67,"MLM,MHM,HMH,HLH,LHL,HLH,LLL,HMH,MLM,LHL,MMM,LHL,LHL,HLH,LML,HLH,MHL,HLH,MMM,LLL,LHL",0
"1284",68,"MHM,MHM,HHH,LLM,MMM,MHM,MLM,MMM,MHM,MLM,LHL,MLM,MHM,HHH,LLL,MHM,MHM,HMH",1
"1285",68,"MHM,MHM,HHH,LLM,MMM,MHM,MLM,MMM,MHM,MLM,LHL,MLM,MHM,HHH,LLL,MHM,MHM,HMH",0
"1301",69,"LLL,MLL,LHL,MHM,HLH,LML,LML,LHL,LHL,LHL,HMH,HLH,HHH,HHH,LLL,MLM",0
"1302",69,"LLL,MLL,LHL,MHM,HLH,LML,LML,LHL,LHL,LHL,HMH,HLH,HHH,HHH,LLL,MLM",1
"1303",69,"LLL,MLL,LHL,MHM,HLH,LML,LML,LHL,LHL,LHL,HMH,HLH,HHH,HHH,LLL,MLM",1
"1304",69,"LLL,MLL,LHL,MHM,HLH,LML,LML,LHL,LHL,LHL,HMH,HLH,HHH,HHH,LLL,MLM",0
"1307",69,"LLL,MLL,LHL,MHM,HLH,LML,LML,LHL,LHL,LHL,HMH,HLH,HHH,HHH,LLL,MLM",1
"1308",69,"LLL,MLL,LHL,MHM,HLH,LML,LML,LHL,LHL,LHL,HMH,HLH,HHH,HHH,LLL,MLM",1
"1309",69,"LLL,MLL,LHL,MHM,HLH,LML,LML,LHL,LHL,LHL,HMH,HLH,HHH,HHH,LLL,MLM",1
"1310",69,"LLL,MLL,LHL,MHM,HLH,LML,LML,LHL,LHL,LHL,HMH,HLH,HHH,HHH,LLL,MLM",1
"1311",69,"LLL,MLL,LHL,MHM,HLH,LML,LML,LHL,LHL,LHL,HMH,HLH,HHH,HHH,LLL,MLM",0
"1312",69,"LLL,MLL,LHL,MHM,HLH,LML,LML,LHL,LHL,LHL,HMH,HLH,HHH,HHH,LLL,MLM",1
"1313",69,"LLL,MLL,LHL,MHM,HLH,LML,LML,LHL,LHL,LHL,HMH,HLH,HHH,HHH,LLL,MLM",1
"1314",69,"LLL,MLL,LHL,MHM,HLH,LML,LML,LHL,LHL,LHL,HMH,HLH,HHH,HHH,LLL,MLM",0
"1315",69,"LLL,MLL,LHL,MHM,HLH,LML,LML,LHL,LHL,LHL,HMH,HLH,HHH,HHH,LLL,MLM",0
"1316",69,"LLL,MLL,LHL,MHM,HLH,LML,LML,LHL,LHL,LHL,HMH,HLH,HHH,HHH,LLL,MLM",1
"1317",70,"MLM,HHH,MLM,MMM,HMH,LHL,MLM,LML,MMM,HMH,HHH,HHH,LLL,HLH,HHH,LML,HLH,MLM",1
"1326",70,"MLM,HHH,MLM,MMM,HMH,LHL,MLM,LML,MMM,HMH,HHH,HHH,LLL,HLH,HHH,LML,HLH,MLM",1
"1328",70,"MLM,HHH,MLM,MMM,HMH,LHL,MLM,LML,MMM,HMH,HHH,HHH,LLL,HLH,HHH,LML,HLH,MLM",0
"1329",70,"MLM,HHH,MLM,MMM,HMH,LHL,MLM,LML,MMM,HMH,HHH,HHH,LLL,HLH,HHH,LML,HLH,MLM",0
"1330",70,"MLM,HHH,MLM,MMM,HMH,LHL,MLM,LML,MMM,HMH,HHH,HHH,LLL,HLH,HHH,LML,HLH,MLM",1
"1332",70,"MLM,HHH,MLM,MMM,HMH,LHL,MLM,LML,MMM,HMH,HHH,HHH,LLL,HLH,HHH,LML,HLH,MLM",0
"1334",70,"MLM,HHH,MLM,MMM,HMH,LHL,MLM,LML,MMM,HMH,HHH,HHH,LLL,HLH,HHH,LML,HLH,MLM",1
"1337",71,"MMM,MLM,LML,HLH,LML,LHL,LML,HLH,LLL,LHL,LHL,LHL,HMH,HMH,LLL,HHH,LLL,HLH,LML,MMM,LHL,LML,HLH,HMH,LLL,HMH,HMH,LML",0
"1339",71,"MMM,MLM,LML,HLH,LML,LHL,LML,HLH,LLL,LHL,LHL,LHL,HMH,HMH,LLL,HHH,LLL,HLH,LML,MMM,LHL,LML,HLH,HMH,LLL,HMH,HMH,LML",1
"1341",71,"MMM,MLM,LML,HLH,LML,LHL,LML,HLH,LLL,LHL,LHL,LHL,HMH,HMH,LLL,HHH,LLL,HLH,LML,MMM,LHL,LML,HLH,HMH,LLL,HMH,HMH,LML",0
"1342",71,"MMM,MLM,LML,HLH,LML,LHL,LML,HLH,LLL,LHL,LHL,LHL,HMH,HMH,LLL,HHH,LLL,HLH,LML,MMM,LHL,LML,HLH,HMH,LLL,HMH,HMH,LML",0
"1343",71,"MMM,MLM,LML,HLH,LML,LHL,LML,HLH,LLL,LHL,LHL,LHL,HMH,HMH,LLL,HHH,LLL,HLH,LML,MMM,LHL,LML,HLH,HMH,LLL,HMH,HMH,LML",1
"1344",71,"MMM,MLM,LML,HLH,LML,LHL,LML,HLH,LLL,LHL,LHL,LHL,HMH,HMH,LLL,HHH,LLL,HLH,LML,MMM,LHL,LML,HLH,HMH,LLL,HMH,HMH,LML",1
"1345",71,"MMM,MLM,LML,HLH,LML,LHL,LML,HLH,LLL,LHL,LHL,LHL,HMH,HMH,LLL,HHH,LLL,HLH,LML,MMM,LHL,LML,HLH,HMH,LLL,HMH,HMH,LML",1
"1348",71,"MMM,MLM,LML,HLH,LML,LHL,LML,HLH,LLL,LHL,LHL,LHL,HMH,HMH,LLL,HHH,LLL,HLH,LML,MMM,LHL,LML,HLH,HMH,LLL,HMH,HMH,LML",0
"1349",71,"MMM,MLM,LML,HLH,LML,LHL,LML,HLH,LLL,LHL,LHL,LHL,HMH,HMH,LLL,HHH,LLL,HLH,LML,MMM,LHL,LML,HLH,HMH,LLL,HMH,HMH,LML",1
"1350",71,"MMM,MLM,LML,HLH,LML,LHL,LML,HLH,LLL,LHL,LHL,LHL,HMH,HMH,LLL,HHH,LLL,HLH,LML,MMM,LHL,LML,HLH,HMH,LLL,HMH,HMH,LML",0
"1351",71,"MMM,MLM,LML,HLH,LML,LHL,LML,HLH,LLL,LHL,LHL,LHL,HMH,HMH,LLL,HHH,LLL,HLH,LML,MMM,LHL,LML,HLH,HMH,LLL,HMH,HMH,LML",0
"1354",71,"MMM,MLM,LML,HLH,LML,LHL,LML,HLH,LLL,LHL,LHL,LHL,HMH,HMH,LLL,HHH,LLL,HLH,LML,MMM,LHL,LML,HLH,HMH,LLL,HMH,HMH,LML",1
"1356",71,"MMM,MLM,LML,HLH,LML,LHL,LML,HLH,LLL,LHL,LHL,LHL,HMH,HMH,LLL,HHH,LLL,HLH,LML,MMM,LHL,LML,HLH,HMH,LLL,HMH,HMH,LML",0
"1365",72,"HLH,LML,MLM,HHH,MMM,MMM,LHL,MHM,HLH,LML,MLM,LHL",1
"1370",72,"HLH,LML,MLM,HHH,MMM,MMM,LHL,MHM,HLH,LML,MLM,LHL",0
"1373",72,"HLH,LML,MLM,HHH,MMM,MMM,LHL,MHM,HLH,LML,MLM,LHL",1
"1375",73,"MLM,LHL,LML,MLM,HMH,HHH,MLM,LHL,MLM,MMM,HHH,LLL,MMM,MLM",1
"1377",73,"MLM,LHL,LML,MLM,HMH,HHH,MLM,LHL,MLM,MMM,HHH,LLL,MMM,MLM",0
"1380",73,"MLM,LHL,LML,MLM,HMH,HHH,MLM,LHL,MLM,MMM,HHH,LLL,MMM,MLM",0
"1381",73,"MLM,LHL,LML,MLM,HMH,HHH,MLM,LHL,MLM,MMM,HHH,LLL,MMM,MLM",1
"1382",73,"MLM,LHL,LML,MLM,HMH,HHH,MLM,LHL,MLM,MMM,HHH,LLL,MMM,MLM",0
"1389",74,"LHL,HLH,HHH,LLL,HLH,HHH,MLM,HLH,MMM,LHL,MLM,MHM,LHL,MLM,MMM",0
"1390",74,"LHL,HLH,HHH,LLL,HLH,HHH,MLM,HLH,MMM,LHL,MLM,MHM,LHL,MLM,MMM",1
"1391",74,"LHL,HLH,HHH,LLL,HLH,HHH,MLM,HLH,MMM,LHL,MLM,MHM,LHL,MLM,MMM",0
"1393",74,"LHL,HLH,HHH,LLL,HLH,HHH,MLM,HLH,MMM,LHL,MLM,MHM,LHL,MLM,MMM",1
"1394",74,"LHL,HLH,HHH,LLL,HLH,HHH,MLM,HLH,MMM,LHL,MLM,MHM,LHL,MLM,MMM",0
"1395",74,"LHL,HLH,HHH,LLL,HLH,HHH,MLM,HLH,MMM,LHL,MLM,MHM,LHL,MLM,MMM",0
"1397",74,"LHL,HLH,HHH,LLL,HLH,HHH,MLM,HLH,MMM,LHL,MLM,MHM,LHL,MLM,MMM",1
"1398",74,"LHL,HLH,HHH,LLL,HLH,HHH,MLM,HLH,MMM,LHL,MLM,MHM,LHL,MLM,MMM",0
"1400",74,"LHL,HLH,HHH,LLL,HLH,HHH,MLM,HLH,MMM,LHL,MLM,MHM,LHL,MLM,MMM",1
"1401",74,"LHL,HLH,HHH,LLL,HLH,HHH,MLM,HLH,MMM,LHL,MLM,MHM,LHL,MLM,MMM",0
"1403",74,"LHL,HLH,HHH,LLL,HLH,HHH,MLM,HLH,MMM,LHL,MLM,MHM,LHL,MLM,MMM",1
"1405",75,"LMM,MMM,LHL,MLM,LLL,LML,MHL,MLM,LHL",1
"1406",75,"LMM,MMM,LHL,MLM,LLL,LML,MHL,MLM,LHL",0
"1409",75,"LMM,MMM,LHL,MLM,LLL,LML,MHL,MLM,LHL",1
"1410",75,"LMM,MMM,LHL,MLM,LLL,LML,MHL,MLM,LHL",0
"1411",75,"LMM,MMM,LHL,MLM,LLL,LML,MHL,MLM,LHL",1
"1413",76,"MLM,MLM,HHH,HHH,LML,LML,MMM,MMM,HHH,MMM,HMH,HLH,MHM,MLM,HHH,LML,LLM,HMH",0
"1415",76,"MLM,MLM,HHH,HHH,LML,LML,MMM,MMM,HHH,MMM,HMH,HLH,MHM,MLM,HHH,LML,LLM,HMH",1
"1420",76,"MLM,MLM,HHH,HHH,LML,LML,MMM,MMM,HHH,MMM,HMH,HLH,MHM,MLM,HHH,LML,LLM,HMH",1
"1424",76,"MLM,MLM,HHH,HHH,LML,LML,MMM,MMM,HHH,MMM,HMH,HLH,MHM,MLM,HHH,LML,LLM,HMH",1
"1425",76,"MLM,MLM,HHH,HHH,LML,LML,MMM,MMM,HHH,MMM,HMH,HLH,MHM,MLM,HHH,LML,LLM,HMH",0
"1426",76,"MLM,MLM,HHH,HHH,LML,LML,MMM,MMM,HHH,MMM,HMH,HLH,MHM,MLM,HHH,LML,LLM,HMH",1
"1428",76,"MLM,MLM,HHH,HHH,LML,LML,MMM,MMM,HHH,MMM,HMH,HLH,MHM,MLM,HHH,LML,LLM,HMH",0
"1430",76,"MLM,MLM,HHH,HHH,LML,LML,MMM,MMM,HHH,MMM,HMH,HLH,MHM,MLM,HHH,LML,LLM,HMH",1
"1431",77,"MLM,LHL,LML,MLM,HMH,HHH,MLM,LHL,MLM,MMM,HHH,LLL,MMM,MLM,MMM,MHM,MHM,MLM,MHM,HHH,LLL,LLL,MMM",1
"1433",77,"MLM,LHL,LML,MLM,HMH,HHH,MLM,LHL,MLM,MMM,HHH,LLL,MMM,MLM,MMM,MHM,MHM,MLM,MHM,HHH,LLL,LLL,MMM",0
"1436",77,"MLM,LHL,LML,MLM,HMH,HHH,MLM,LHL,MLM,MMM,HHH,LLL,MMM,MLM,MMM,MHM,MHM,MLM,MHM,HHH,LLL,LLL,MMM",0
"1437",77,"MLM,LHL,LML,MLM,HMH,HHH,MLM,LHL,MLM,MMM,HHH,LLL,MMM,MLM,MMM,MHM,MHM,MLM,MHM,HHH,LLL,LLL,MMM",1
"1438",77,"MLM,LHL,LML,MLM,HMH,HHH,MLM,LHL,MLM,MMM,HHH,LLL,MMM,MLM,MMM,MHM,MHM,MLM,MHM,HHH,LLL,LLL,MMM",0
"1449",77,"MLM,LHL,LML,MLM,HMH,HHH,MLM,LHL,MLM,MMM,HHH,LLL,MMM,MLM,MMM,MHM,MHM,MLM,MHM,HHH,LLL,LLL,MMM",1
"1450",77,"MLM,LHL,LML,MLM,HMH,HHH,MLM,LHL,MLM,MMM,HHH,LLL,MMM,MLM,MMM,MHM,MHM,MLM,MHM,HHH,LLL,LLL,MMM",0
"1451",77,"MLM,LHL,LML,MLM,HMH,HHH,MLM,LHL,MLM,MMM,HHH,LLL,MMM,MLM,MMM,MHM,MHM,MLM,MHM,HHH,LLL,LLL,MMM",0
"1453",77,"MLM,LHL,LML,MLM,HMH,HHH,MLM,LHL,MLM,MMM,HHH,LLL,MMM,MLM,MMM,MHM,MHM,MLM,MHM,HHH,LLL,LLL,MMM",1
"1468",79,"LHL,HHH,LLL,LHL,HLH,LLL,LLL,LHL,HMH,HLH,MMM,LHL,MHM,HLH,MLM,LHL,HLH,MLM,HHH,MLM,MLM,MMM,LHL,LLL,HMH,LHL,MLM,MHM,MLM",1
"1469",79,"LHL,HHH,LLL,LHL,HLH,LLL,LLL,LHL,HMH,HLH,MMM,LHL,MHM,HLH,MLM,LHL,HLH,MLM,HHH,MLM,MLM,MMM,LHL,LLL,HMH,LHL,MLM,MHM,MLM",0
"1470",79,"LHL,HHH,LLL,LHL,HLH,LLL,LLL,LHL,HMH,HLH,MMM,LHL,MHM,HLH,MLM,LHL,HLH,MLM,HHH,MLM,MLM,MMM,LHL,LLL,HMH,LHL,MLM,MHM,MLM",1
"1471",79,"LHL,HHH,LLL,LHL,HLH,LLL,LLL,LHL,HMH,HLH,MMM,LHL,MHM,HLH,MLM,LHL,HLH,MLM,HHH,MLM,MLM,MMM,LHL,LLL,HMH,LHL,MLM,MHM,MLM",0
"1472",79,"LHL,HHH,LLL,LHL,HLH,LLL,LLL,LHL,HMH,HLH,MMM,LHL,MHM,HLH,MLM,LHL,HLH,MLM,HHH,MLM,MLM,MMM,LHL,LLL,HMH,LHL,MLM,MHM,MLM",0
"1473",79,"LHL,HHH,LLL,LHL,HLH,LLL,LLL,LHL,HMH,HLH,MMM,LHL,MHM,HLH,MLM,LHL,HLH,MLM,HHH,MLM,MLM,MMM,LHL,LLL,HMH,LHL,MLM,MHM,MLM",0
"1474",79,"LHL,HHH,LLL,LHL,HLH,LLL,LLL,LHL,HMH,HLH,MMM,LHL,MHM,HLH,MLM,LHL,HLH,MLM,HHH,MLM,MLM,MMM,LHL,LLL,HMH,LHL,MLM,MHM,MLM",1
"1475",79,"LHL,HHH,LLL,LHL,HLH,LLL,LLL,LHL,HMH,HLH,MMM,LHL,MHM,HLH,MLM,LHL,HLH,MLM,HHH,MLM,MLM,MMM,LHL,LLL,HMH,LHL,MLM,MHM,MLM",0
"1476",79,"LHL,HHH,LLL,LHL,HLH,LLL,LLL,LHL,HMH,HLH,MMM,LHL,MHM,HLH,MLM,LHL,HLH,MLM,HHH,MLM,MLM,MMM,LHL,LLL,HMH,LHL,MLM,MHM,MLM",0
"1478",79,"LHL,HHH,LLL,LHL,HLH,LLL,LLL,LHL,HMH,HLH,MMM,LHL,MHM,HLH,MLM,LHL,HLH,MLM,HHH,MLM,MLM,MMM,LHL,LLL,HMH,LHL,MLM,MHM,MLM",1
"1479",79,"LHL,HHH,LLL,LHL,HLH,LLL,LLL,LHL,HMH,HLH,MMM,LHL,MHM,HLH,MLM,LHL,HLH,MLM,HHH,MLM,MLM,MMM,LHL,LLL,HMH,LHL,MLM,MHM,MLM",1
"1480",79,"LHL,HHH,LLL,LHL,HLH,LLL,LLL,LHL,HMH,HLH,MMM,LHL,MHM,HLH,MLM,LHL,HLH,MLM,HHH,MLM,MLM,MMM,LHL,LLL,HMH,LHL,MLM,MHM,MLM",0
"1481",79,"LHL,HHH,LLL,LHL,HLH,LLL,LLL,LHL,HMH,HLH,MMM,LHL,MHM,HLH,MLM,LHL,HLH,MLM,HHH,MLM,MLM,MMM,LHL,LLL,HMH,LHL,MLM,MHM,MLM",0
"1482",79,"LHL,HHH,LLL,LHL,HLH,LLL,LLL,LHL,HMH,HLH,MMM,LHL,MHM,HLH,MLM,LHL,HLH,MLM,HHH,MLM,MLM,MMM,LHL,LLL,HMH,LHL,MLM,MHM,MLM",1
"1483",79,"LHL,HHH,LLL,LHL,HLH,LLL,LLL,LHL,HMH,HLH,MMM,LHL,MHM,HLH,MLM,LHL,HLH,MLM,HHH,MLM,MLM,MMM,LHL,LLL,HMH,LHL,MLM,MHM,MLM",0
"1484",79,"LHL,HHH,LLL,LHL,HLH,LLL,LLL,LHL,HMH,HLH,MMM,LHL,MHM,HLH,MLM,LHL,HLH,MLM,HHH,MLM,MLM,MMM,LHL,LLL,HMH,LHL,MLM,MHM,MLM",0
"1485",79,"LHL,HHH,LLL,LHL,HLH,LLL,LLL,LHL,HMH,HLH,MMM,LHL,MHM,HLH,MLM,LHL,HLH,MLM,HHH,MLM,MLM,MMM,LHL,LLL,HMH,LHL,MLM,MHM,MLM",1
"1486",79,"LHL,HHH,LLL,LHL,HLH,LLL,LLL,LHL,HMH,HLH,MMM,LHL,MHM,HLH,MLM,LHL,HLH,MLM,HHH,MLM,MLM,MMM,LHL,LLL,HMH,LHL,MLM,MHM,MLM",0
"1487",79,"LHL,HHH,LLL,LHL,HLH,LLL,LLL,LHL,HMH,HLH,MMM,LHL,MHM,HLH,MLM,LHL,HLH,MLM,HHH,MLM,MLM,MMM,LHL,LLL,HMH,LHL,MLM,MHM,MLM",0
"1489",79,"LHL,HHH,LLL,LHL,HLH,LLL,LLL,LHL,HMH,HLH,MMM,LHL,MHM,HLH,MLM,LHL,HLH,MLM,HHH,MLM,MLM,MMM,LHL,LLL,HMH,LHL,MLM,MHM,MLM",1
"1490",79,"LHL,HHH,LLL,LHL,HLH,LLL,LLL,LHL,HMH,HLH,MMM,LHL,MHM,HLH,MLM,LHL,HLH,MLM,HHH,MLM,MLM,MMM,LHL,LLL,HMH,LHL,MLM,MHM,MLM",0
"1492",79,"LHL,HHH,LLL,LHL,HLH,LLL,LLL,LHL,HMH,HLH,MMM,LHL,MHM,HLH,MLM,LHL,HLH,MLM,HHH,MLM,MLM,MMM,LHL,LLL,HMH,LHL,MLM,MHM,MLM",1
"1493",79,"LHL,HHH,LLL,LHL,HLH,LLL,LLL,LHL,HMH,HLH,MMM,LHL,MHM,HLH,MLM,LHL,HLH,MLM,HHH,MLM,MLM,MMM,LHL,LLL,HMH,LHL,MLM,MHM,MLM",0
"1495",79,"LHL,HHH,LLL,LHL,HLH,LLL,LLL,LHL,HMH,HLH,MMM,LHL,MHM,HLH,MLM,LHL,HLH,MLM,HHH,MLM,MLM,MMM,LHL,LLL,HMH,LHL,MLM,MHM,MLM",0
"1502",80,"HMH,LHL,MLM,LML,MMM,HMH,HHH,HHH,LLL,HLH,HHH,LML,HLH,MLM,LHL,LHL,LLL,HHH,HLH,MLM,LML,HHH,LLL,LHL,HMH",1
"1504",80,"HMH,LHL,MLM,LML,MMM,HMH,HHH,HHH,LLL,HLH,HHH,LML,HLH,MLM,LHL,LHL,LLL,HHH,HLH,MLM,LML,HHH,LLL,LHL,HMH",0
"1505",80,"HMH,LHL,MLM,LML,MMM,HMH,HHH,HHH,LLL,HLH,HHH,LML,HLH,MLM,LHL,LHL,LLL,HHH,HLH,MLM,LML,HHH,LLL,LHL,HMH",0
"1506",80,"HMH,LHL,MLM,LML,MMM,HMH,HHH,HHH,LLL,HLH,HHH,LML,HLH,MLM,LHL,LHL,LLL,HHH,HLH,MLM,LML,HHH,LLL,LHL,HMH",1
"1508",80,"HMH,LHL,MLM,LML,MMM,HMH,HHH,HHH,LLL,HLH,HHH,LML,HLH,MLM,LHL,LHL,LLL,HHH,HLH,MLM,LML,HHH,LLL,LHL,HMH",0
"1510",80,"HMH,LHL,MLM,LML,MMM,HMH,HHH,HHH,LLL,HLH,HHH,LML,HLH,MLM,LHL,LHL,LLL,HHH,HLH,MLM,LML,HHH,LLL,LHL,HMH",1
"1511",80,"HMH,LHL,MLM,LML,MMM,HMH,HHH,HHH,LLL,HLH,HHH,LML,HLH,MLM,LHL,LHL,LLL,HHH,HLH,MLM,LML,HHH,LLL,LHL,HMH",1
"1512",80,"HMH,LHL,MLM,LML,MMM,HMH,HHH,HHH,LLL,HLH,HHH,LML,HLH,MLM,LHL,LHL,LLL,HHH,HLH,MLM,LML,HHH,LLL,LHL,HMH",0
"1513",80,"HMH,LHL,MLM,LML,MMM,HMH,HHH,HHH,LLL,HLH,HHH,LML,HLH,MLM,LHL,LHL,LLL,HHH,HLH,MLM,LML,HHH,LLL,LHL,HMH",1
"1514",80,"HMH,LHL,MLM,LML,MMM,HMH,HHH,HHH,LLL,HLH,HHH,LML,HLH,MLM,LHL,LHL,LLL,HHH,HLH,MLM,LML,HHH,LLL,LHL,HMH",0
"1515",80,"HMH,LHL,MLM,LML,MMM,HMH,HHH,HHH,LLL,HLH,HHH,LML,HLH,MLM,LHL,LHL,LLL,HHH,HLH,MLM,LML,HHH,LLL,LHL,HMH",0
"1519",80,"HMH,LHL,MLM,LML,MMM,HMH,HHH,HHH,LLL,HLH,HHH,LML,HLH,MLM,LHL,LHL,LLL,HHH,HLH,MLM,LML,HHH,LLL,LHL,HMH",1
"1523",81,"LML,MMM,LHL,LML,HLH,HMH,LLL,HMH,HMH,LML,LLL,HMH,HMH,HHH,LLL,HHH,MHM,LML,HLH,HHH,HMH,HHH,HMH,LHL",1
"1525",81,"LML,MMM,LHL,LML,HLH,HMH,LLL,HMH,HMH,LML,LLL,HMH,HMH,HHH,LLL,HHH,MHM,LML,HLH,HHH,HMH,HHH,HMH,LHL",0
"1534",81,"LML,MMM,LHL,LML,HLH,HMH,LLL,HMH,HMH,LML,LLL,HMH,HMH,HHH,LLL,HHH,MHM,LML,HLH,HHH,HMH,HHH,HMH,LHL",1
"1535",81,"LML,MMM,LHL,LML,HLH,HMH,LLL,HMH,HMH,LML,LLL,HMH,HMH,HHH,LLL,HHH,MHM,LML,HLH,HHH,HMH,HHH,HMH,LHL",0
"1536",81,"LML,MMM,LHL,LML,HLH,HMH,LLL,HMH,HMH,LML,LLL,HMH,HMH,HHH,LLL,HHH,MHM,LML,HLH,HHH,HMH,HHH,HMH,LHL",1
"1537",81,"LML,MMM,LHL,LML,HLH,HMH,LLL,HMH,HMH,LML,LLL,HMH,HMH,HHH,LLL,HHH,MHM,LML,HLH,HHH,HMH,HHH,HMH,LHL",1
"1539",81,"LML,MMM,LHL,LML,HLH,HMH,LLL,HMH,HMH,LML,LLL,HMH,HMH,HHH,LLL,HHH,MHM,LML,HLH,HHH,HMH,HHH,HMH,LHL",0
"1544",81,"LML,MMM,LHL,LML,HLH,HMH,LLL,HMH,HMH,LML,LLL,HMH,HMH,HHH,LLL,HHH,MHM,LML,HLH,HHH,HMH,HHH,HMH,LHL",1
"1545",81,"LML,MMM,LHL,LML,HLH,HMH,LLL,HMH,HMH,LML,LLL,HMH,HMH,HHH,LLL,HHH,MHM,LML,HLH,HHH,HMH,HHH,HMH,LHL",0
"1557",82,"MHM,MMM,MLM,LML,MHM,MHL,MMM,MMM,MHM,MLM,MHM,MHM,HHH,LLM,MMM,MHM",1
"1558",82,"MHM,MMM,MLM,LML,MHM,MHL,MMM,MMM,MHM,MLM,MHM,MHM,HHH,LLM,MMM,MHM",0
"1563",83,"HHH,HMH,LLL,MMM,MLM,HMH,MMM,HHH,MMM,HLH,MMM,LML,MLM,HLH,MHM,LML,LHL",0
"1565",83,"HHH,HMH,LLL,MMM,MLM,HMH,MMM,HHH,MMM,HLH,MMM,LML,MLM,HLH,MHM,LML,LHL",0
"1568",83,"HHH,HMH,LLL,MMM,MLM,HMH,MMM,HHH,MMM,HLH,MMM,LML,MLM,HLH,MHM,LML,LHL",1
"1570",83,"HHH,HMH,LLL,MMM,MLM,HMH,MMM,HHH,MMM,HLH,MMM,LML,MLM,HLH,MHM,LML,LHL",0
"1573",83,"HHH,HMH,LLL,MMM,MLM,HMH,MMM,HHH,MMM,HLH,MMM,LML,MLM,HLH,MHM,LML,LHL",0
"1575",83,"HHH,HMH,LLL,MMM,MLM,HMH,MMM,HHH,MMM,HLH,MMM,LML,MLM,HLH,MHM,LML,LHL",1
"1577",83,"HHH,HMH,LLL,MMM,MLM,HMH,MMM,HHH,MMM,HLH,MMM,LML,MLM,HLH,MHM,LML,LHL",1
"1578",83,"HHH,HMH,LLL,MMM,MLM,HMH,MMM,HHH,MMM,HLH,MMM,LML,MLM,HLH,MHM,LML,LHL",0
"1579",84,"HHH,HLH,LLL,LLL,HHH,LHL,MLM,LHL,MHL,HLH,LLL,MMM,LHL,LHL,HLH,HMH,LHL,LLL,MMM",0
"1584",84,"HHH,HLH,LLL,LLL,HHH,LHL,MLM,LHL,MHL,HLH,LLL,MMM,LHL,LHL,HLH,HMH,LHL,LLL,MMM",0
"1590",84,"HHH,HLH,LLL,LLL,HHH,LHL,MLM,LHL,MHL,HLH,LLL,MMM,LHL,LHL,HLH,HMH,LHL,LLL,MMM",1
"1591",84,"HHH,HLH,LLL,LLL,HHH,LHL,MLM,LHL,MHL,HLH,LLL,MMM,LHL,LHL,HLH,HMH,LHL,LLL,MMM",1
"1592",84,"HHH,HLH,LLL,LLL,HHH,LHL,MLM,LHL,MHL,HLH,LLL,MMM,LHL,LHL,HLH,HMH,LHL,LLL,MMM",0
"1594",84,"HHH,HLH,LLL,LLL,HHH,LHL,MLM,LHL,MHL,HLH,LLL,MMM,LHL,LHL,HLH,HMH,LHL,LLL,MMM",1
"1595",84,"HHH,HLH,LLL,LLL,HHH,LHL,MLM,LHL,MHL,HLH,LLL,MMM,LHL,LHL,HLH,HMH,LHL,LLL,MMM",0
"1597",84,"HHH,HLH,LLL,LLL,HHH,LHL,MLM,LHL,MHL,HLH,LLL,MMM,LHL,LHL,HLH,HMH,LHL,LLL,MMM",1
"1599",85,"MLM,LMM,LHL,LHL,HHH,MLM,MLM,HHH,LML,MLM,LHL,MMM,HLH,LLL,HHH,LLL,HHH,MLM,MHM,HLH,MMH,MMM,LHL,LLL,HMH",1
"1600",85,"MLM,LMM,LHL,LHL,HHH,MLM,MLM,HHH,LML,MLM,LHL,MMM,HLH,LLL,HHH,LLL,HHH,MLM,MHM,HLH,MMH,MMM,LHL,LLL,HMH",1
"1601",85,"MLM,LMM,LHL,LHL,HHH,MLM,MLM,HHH,LML,MLM,LHL,MMM,HLH,LLL,HHH,LLL,HHH,MLM,MHM,HLH,MMH,MMM,LHL,LLL,HMH",1
"1602",85,"MLM,LMM,LHL,LHL,HHH,MLM,MLM,HHH,LML,MLM,LHL,MMM,HLH,LLL,HHH,LLL,HHH,MLM,MHM,HLH,MMH,MMM,LHL,LLL,HMH",0
"1603",85,"MLM,LMM,LHL,LHL,HHH,MLM,MLM,HHH,LML,MLM,LHL,MMM,HLH,LLL,HHH,LLL,HHH,MLM,MHM,HLH,MMH,MMM,LHL,LLL,HMH",0
"1604",85,"MLM,LMM,LHL,LHL,HHH,MLM,MLM,HHH,LML,MLM,LHL,MMM,HLH,LLL,HHH,LLL,HHH,MLM,MHM,HLH,MMH,MMM,LHL,LLL,HMH",1
"1607",85,"MLM,LMM,LHL,LHL,HHH,MLM,MLM,HHH,LML,MLM,LHL,MMM,HLH,LLL,HHH,LLL,HHH,MLM,MHM,HLH,MMH,MMM,LHL,LLL,HMH",1
"1609",85,"MLM,LMM,LHL,LHL,HHH,MLM,MLM,HHH,LML,MLM,LHL,MMM,HLH,LLL,HHH,LLL,HHH,MLM,MHM,HLH,MMH,MMM,LHL,LLL,HMH",0
"1611",85,"MLM,LMM,LHL,LHL,HHH,MLM,MLM,HHH,LML,MLM,LHL,MMM,HLH,LLL,HHH,LLL,HHH,MLM,MHM,HLH,MMH,MMM,LHL,LLL,HMH",1
"1612",85,"MLM,LMM,LHL,LHL,HHH,MLM,MLM,HHH,LML,MLM,LHL,MMM,HLH,LLL,HHH,LLL,HHH,MLM,MHM,HLH,MMH,MMM,LHL,LLL,HMH",0
"1613",85,"MLM,LMM,LHL,LHL,HHH,MLM,MLM,HHH,LML,MLM,LHL,MMM,HLH,LLL,HHH,LLL,HHH,MLM,MHM,HLH,MMH,MMM,LHL,LLL,HMH",1
"1614",85,"MLM,LMM,LHL,LHL,HHH,MLM,MLM,HHH,LML,MLM,LHL,MMM,HLH,LLL,HHH,LLL,HHH,MLM,MHM,HLH,MMH,MMM,LHL,LLL,HMH",0
"1616",85,"MLM,LMM,LHL,LHL,HHH,MLM,MLM,HHH,LML,MLM,LHL,MMM,HLH,LLL,HHH,LLL,HHH,MLM,MHM,HLH,MMH,MMM,LHL,LLL,HMH",0
"1619",85,"MLM,LMM,LHL,LHL,HHH,MLM,MLM,HHH,LML,MLM,LHL,MMM,HLH,LLL,HHH,LLL,HHH,MLM,MHM,HLH,MMH,MMM,LHL,LLL,HMH",1
"1620",85,"MLM,LMM,LHL,LHL,HHH,MLM,MLM,HHH,LML,MLM,LHL,MMM,HLH,LLL,HHH,LLL,HHH,MLM,MHM,HLH,MMH,MMM,LHL,LLL,HMH",0
"1626",86,"HHH,HHH,HLH,MHM,MLM,HMM,HHH,HMH,HHH,HHH,LML,HLH,MMM,HHH,HMH",0
"1628",86,"HHH,HHH,HLH,MHM,MLM,HMM,HHH,HMH,HHH,HHH,LML,HLH,MMM,HHH,HMH",1
"1631",86,"HHH,HHH,HLH,MHM,MLM,HMM,HHH,HMH,HHH,HHH,LML,HLH,MMM,HHH,HMH",1
"1632",86,"HHH,HHH,HLH,MHM,MLM,HMM,HHH,HMH,HHH,HHH,LML,HLH,MMM,HHH,HMH",0
"1633",86,"HHH,HHH,HLH,MHM,MLM,HMM,HHH,HMH,HHH,HHH,LML,HLH,MMM,HHH,HMH",0
"1635",86,"HHH,HHH,HLH,MHM,MLM,HMM,HHH,HMH,HHH,HHH,LML,HLH,MMM,HHH,HMH",1
"1637",86,"HHH,HHH,HLH,MHM,MLM,HMM,HHH,HMH,HHH,HHH,LML,HLH,MMM,HHH,HMH",0
"1638",87,"HMH,HHH,HLH,LML,MLM,HHH,MMM,MMM,LHL,MHM,HLH,LML,MLM,LHL",1
"1642",87,"HMH,HHH,HLH,LML,MLM,HHH,MMM,MMM,LHL,MHM,HLH,LML,MLM,LHL",1
"1647",87,"HMH,HHH,HLH,LML,MLM,HHH,MMM,MMM,LHL,MHM,HLH,LML,MLM,LHL",0
"1650",87,"HMH,HHH,HLH,LML,MLM,HHH,MMM,MMM,LHL,MHM,HLH,LML,MLM,LHL",1
"1652",88,"MMM,LHL,LHL,LLL,MHM,MLM,MLM,HHH,LHL,LHL,LHL,LML",1
"1653",88,"MMM,LHL,LHL,LLL,MHM,MLM,MLM,HHH,LHL,LHL,LHL,LML",1
"1654",88,"MMM,LHL,LHL,LLL,MHM,MLM,MLM,HHH,LHL,LHL,LHL,LML",0
"1655",88,"MMM,LHL,LHL,LLL,MHM,MLM,MLM,HHH,LHL,LHL,LHL,LML",1
"1656",88,"MMM,LHL,LHL,LLL,MHM,MLM,MLM,HHH,LHL,LHL,LHL,LML",0
"1657",88,"MMM,LHL,LHL,LLL,MHM,MLM,MLM,HHH,LHL,LHL,LHL,LML",0
"1660",88,"MMM,LHL,LHL,LLL,MHM,MLM,MLM,HHH,LHL,LHL,LHL,LML",1
"1661",88,"MMM,LHL,LHL,LLL,MHM,MLM,MLM,HHH,LHL,LHL,LHL,LML",1
"1663",88,"MMM,LHL,LHL,LLL,MHM,MLM,MLM,HHH,LHL,LHL,LHL,LML",0
"1664",89,"MHM,LLL,LML,HLH,LML,HMH,LHL,LML,HLH,MLM,LML,LML,HMH,HHH,MMM,LML",0
"1665",89,"MHM,LLL,LML,HLH,LML,HMH,LHL,LML,HLH,MLM,LML,LML,HMH,HHH,MMM,LML",0
"1666",89,"MHM,LLL,LML,HLH,LML,HMH,LHL,LML,HLH,MLM,LML,LML,HMH,HHH,MMM,LML",0
"1669",89,"MHM,LLL,LML,HLH,LML,HMH,LHL,LML,HLH,MLM,LML,LML,HMH,HHH,MMM,LML",1
"1671",89,"MHM,LLL,LML,HLH,LML,HMH,LHL,LML,HLH,MLM,LML,LML,HMH,HHH,MMM,LML",0
"1672",89,"MHM,LLL,LML,HLH,LML,HMH,LHL,LML,HLH,MLM,LML,LML,HMH,HHH,MMM,LML",0
"1675",89,"MHM,LLL,LML,HLH,LML,HMH,LHL,LML,HLH,MLM,LML,LML,HMH,HHH,MMM,LML",0
"1676",89,"MHM,LLL,LML,HLH,LML,HMH,LHL,LML,HLH,MLM,LML,LML,HMH,HHH,MMM,LML",1
"1679",89,"MHM,LLL,LML,HLH,LML,HMH,LHL,LML,HLH,MLM,LML,LML,HMH,HHH,MMM,LML",0
"1684",90,"LML,HMH,LML,MMM,HHH,MLM,MLM,HHH,LML,LML,LHL,MLM",0
"1689",90,"LML,HMH,LML,MMM,HHH,MLM,MLM,HHH,LML,LML,LHL,MLM",1
"1690",90,"LML,HMH,LML,MMM,HHH,MLM,MLM,HHH,LML,LML,LHL,MLM",0
"1694",91,"MMM,LHL,MHM,HHH,LLL,MLM,LML,MHM,MHM,MLM,HHH,MLM",1
"1695",91,"MMM,LHL,MHM,HHH,LLL,MLM,LML,MHM,MHM,MLM,HHH,MLM",0
"1701",91,"MMM,LHL,MHM,HHH,LLL,MLM,LML,MHM,MHM,MLM,HHH,MLM",1
"1702",91,"MMM,LHL,MHM,HHH,LLL,MLM,LML,MHM,MHM,MLM,HHH,MLM",0
"1707",92,"HLH,MMM,LLL,LHL,MLM,HHH,LHL,LHL,LHL,HLH,HHH,LLL,HLH,HHH,MLM,HLH,MMM",0
"1712",92,"HLH,MMM,LLL,LHL,MLM,HHH,LHL,LHL,LHL,HLH,HHH,LLL,HLH,HHH,MLM,HLH,MMM",0
"1713",92,"HLH,MMM,LLL,LHL,MLM,HHH,LHL,LHL,LHL,HLH,HHH,LLL,HLH,HHH,MLM,HLH,MMM",1
"1714",92,"HLH,MMM,LLL,LHL,MLM,HHH,LHL,LHL,LHL,HLH,HHH,LLL,HLH,HHH,MLM,HLH,MMM",0
"1716",92,"HLH,MMM,LLL,LHL,MLM,HHH,LHL,LHL,LHL,HLH,HHH,LLL,HLH,HHH,MLM,HLH,MMM",1
"1717",92,"HLH,MMM,LLL,LHL,MLM,HHH,LHL,LHL,LHL,HLH,HHH,LLL,HLH,HHH,MLM,HLH,MMM",0
"1718",92,"HLH,MMM,LLL,LHL,MLM,HHH,LHL,LHL,LHL,HLH,HHH,LLL,HLH,HHH,MLM,HLH,MMM",0
"1720",92,"HLH,MMM,LLL,LHL,MLM,HHH,LHL,LHL,LHL,HLH,HHH,LLL,HLH,HHH,MLM,HLH,MMM",1
"1723",93,"HHH,LML,MLM,LHL,MMM,HLH,LLL,HHH,LLL,HHH,MLM,MHM,HLH,MMH,MMM,LHL,LLL,HMH,HMH,HLH,HHH,HHH,MMM,HMH",1
"1725",93,"HHH,LML,MLM,LHL,MMM,HLH,LLL,HHH,LLL,HHH,MLM,MHM,HLH,MMH,MMM,LHL,LLL,HMH,HMH,HLH,HHH,HHH,MMM,HMH",0
"1727",93,"HHH,LML,MLM,LHL,MMM,HLH,LLL,HHH,LLL,HHH,MLM,MHM,HLH,MMH,MMM,LHL,LLL,HMH,HMH,HLH,HHH,HHH,MMM,HMH",1
"1728",93,"HHH,LML,MLM,LHL,MMM,HLH,LLL,HHH,LLL,HHH,MLM,MHM,HLH,MMH,MMM,LHL,LLL,HMH,HMH,HLH,HHH,HHH,MMM,HMH",0
"1729",93,"HHH,LML,MLM,LHL,MMM,HLH,LLL,HHH,LLL,HHH,MLM,MHM,HLH,MMH,MMM,LHL,LLL,HMH,HMH,HLH,HHH,HHH,MMM,HMH",1
"1730",93,"HHH,LML,MLM,LHL,MMM,HLH,LLL,HHH,LLL,HHH,MLM,MHM,HLH,MMH,MMM,LHL,LLL,HMH,HMH,HLH,HHH,HHH,MMM,HMH",0
"1732",93,"HHH,LML,MLM,LHL,MMM,HLH,LLL,HHH,LLL,HHH,MLM,MHM,HLH,MMH,MMM,LHL,LLL,HMH,HMH,HLH,HHH,HHH,MMM,HMH",0
"1735",93,"HHH,LML,MLM,LHL,MMM,HLH,LLL,HHH,LLL,HHH,MLM,MHM,HLH,MMH,MMM,LHL,LLL,HMH,HMH,HLH,HHH,HHH,MMM,HMH",1
"1736",93,"HHH,LML,MLM,LHL,MMM,HLH,LLL,HHH,LLL,HHH,MLM,MHM,HLH,MMH,MMM,LHL,LLL,HMH,HMH,HLH,HHH,HHH,MMM,HMH",0
"1739",93,"HHH,LML,MLM,LHL,MMM,HLH,LLL,HHH,LLL,HHH,MLM,MHM,HLH,MMH,MMM,LHL,LLL,HMH,HMH,HLH,HHH,HHH,MMM,HMH",0
"1740",93,"HHH,LML,MLM,LHL,MMM,HLH,LLL,HHH,LLL,HHH,MLM,MHM,HLH,MMH,MMM,LHL,LLL,HMH,HMH,HLH,HHH,HHH,MMM,HMH",1
"1744",93,"HHH,LML,MLM,LHL,MMM,HLH,LLL,HHH,LLL,HHH,MLM,MHM,HLH,MMH,MMM,LHL,LLL,HMH,HMH,HLH,HHH,HHH,MMM,HMH",1
"1745",94,"HHH,LLL,LLL,MMM,MHM,LML,MHM,LLL,LHL,HLH,LLL,HMH",0
"1746",94,"HHH,LLL,LLL,MMM,MHM,LML,MHM,LLL,LHL,HLH,LLL,HMH",0
"1748",94,"HHH,LLL,LLL,MMM,MHM,LML,MHM,LLL,LHL,HLH,LLL,HMH",1
"1751",94,"HHH,LLL,LLL,MMM,MHM,LML,MHM,LLL,LHL,HLH,LLL,HMH",0
"1752",94,"HHH,LLL,LLL,MMM,MHM,LML,MHM,LLL,LHL,HLH,LLL,HMH",1
"1753",94,"HHH,LLL,LLL,MMM,MHM,LML,MHM,LLL,LHL,HLH,LLL,HMH",0
"1754",94,"HHH,LLL,LLL,MMM,MHM,LML,MHM,LLL,LHL,HLH,LLL,HMH",0
"1757",95,"MHM,MLM,HHH,LML,LLM,HMH,HHH,LHL,MLM,HHH,MLM,LHL",0
"1758",95,"MHM,MLM,HHH,LML,LLM,HMH,HHH,LHL,MLM,HHH,MLM,LHL",1
"1760",95,"MHM,MLM,HHH,LML,LLM,HMH,HHH,LHL,MLM,HHH,MLM,LHL",0
"1762",95,"MHM,MLM,HHH,LML,LLM,HMH,HHH,LHL,MLM,HHH,MLM,LHL",1
"1763",95,"MHM,MLM,HHH,LML,LLM,HMH,HHH,LHL,MLM,HHH,MLM,LHL",1
"1764",95,"MHM,MLM,HHH,LML,LLM,HMH,HHH,LHL,MLM,HHH,MLM,LHL",0
"1765",95,"MHM,MLM,HHH,LML,LLM,HMH,HHH,LHL,MLM,HHH,MLM,LHL",1
"1766",95,"MHM,MLM,HHH,LML,LLM,HMH,HHH,LHL,MLM,HHH,MLM,LHL",0
"1767",95,"MHM,MLM,HHH,LML,LLM,HMH,HHH,LHL,MLM,HHH,MLM,LHL",1
"1772",96,"MLM,LML,MHM,LML,LHL,LHL,LLL,MMM,MHM,LLL,LLL,LHL,HHH,LLL,LHL,HLH,LLL,LLL,LHL,HMH,HLH,MMM",1
"1773",96,"MLM,LML,MHM,LML,LHL,LHL,LLL,MMM,MHM,LLL,LLL,LHL,HHH,LLL,LHL,HLH,LLL,LLL,LHL,HMH,HLH,MMM",1
"1774",96,"MLM,LML,MHM,LML,LHL,LHL,LLL,MMM,MHM,LLL,LLL,LHL,HHH,LLL,LHL,HLH,LLL,LLL,LHL,HMH,HLH,MMM",0
"1776",96,"MLM,LML,MHM,LML,LHL,LHL,LLL,MMM,MHM,LLL,LLL,LHL,HHH,LLL,LHL,HLH,LLL,LLL,LHL,HMH,HLH,MMM",1
"1777",96,"MLM,LML,MHM,LML,LHL,LHL,LLL,MMM,MHM,LLL,LLL,LHL,HHH,LLL,LHL,HLH,LLL,LLL,LHL,HMH,HLH,MMM",0
"1778",96,"MLM,LML,MHM,LML,LHL,LHL,LLL,MMM,MHM,LLL,LLL,LHL,HHH,LLL,LHL,HLH,LLL,LLL,LHL,HMH,HLH,MMM",0
"1779",96,"MLM,LML,MHM,LML,LHL,LHL,LLL,MMM,MHM,LLL,LLL,LHL,HHH,LLL,LHL,HLH,LLL,LLL,LHL,HMH,HLH,MMM",1
"1780",96,"MLM,LML,MHM,LML,LHL,LHL,LLL,MMM,MHM,LLL,LLL,LHL,HHH,LLL,LHL,HLH,LLL,LLL,LHL,HMH,HLH,MMM",1
"1781",96,"MLM,LML,MHM,LML,LHL,LHL,LLL,MMM,MHM,LLL,LLL,LHL,HHH,LLL,LHL,HLH,LLL,LLL,LHL,HMH,HLH,MMM",0
"1782",96,"MLM,LML,MHM,LML,LHL,LHL,LLL,MMM,MHM,LLL,LLL,LHL,HHH,LLL,LHL,HLH,LLL,LLL,LHL,HMH,HLH,MMM",1
"1783",96,"MLM,LML,MHM,LML,LHL,LHL,LLL,MMM,MHM,LLL,LLL,LHL,HHH,LLL,LHL,HLH,LLL,LLL,LHL,HMH,HLH,MMM",0
"1784",96,"MLM,LML,MHM,LML,LHL,LHL,LLL,MMM,MHM,LLL,LLL,LHL,HHH,LLL,LHL,HLH,LLL,LLL,LHL,HMH,HLH,MMM",0
"1785",96,"MLM,LML,MHM,LML,LHL,LHL,LLL,MMM,MHM,LLL,LLL,LHL,HHH,LLL,LHL,HLH,LLL,LLL,LHL,HMH,HLH,MMM",0
"1786",96,"MLM,LML,MHM,LML,LHL,LHL,LLL,MMM,MHM,LLL,LLL,LHL,HHH,LLL,LHL,HLH,LLL,LLL,LHL,HMH,HLH,MMM",1
"1787",96,"MLM,LML,MHM,LML,LHL,LHL,LLL,MMM,MHM,LLL,LLL,LHL,HHH,LLL,LHL,HLH,LLL,LLL,LHL,HMH,HLH,MMM",0
"1788",96,"MLM,LML,MHM,LML,LHL,LHL,LLL,MMM,MHM,LLL,LLL,LHL,HHH,LLL,LHL,HLH,LLL,LLL,LHL,HMH,HLH,MMM",0
"1790",96,"MLM,LML,MHM,LML,LHL,LHL,LLL,MMM,MHM,LLL,LLL,LHL,HHH,LLL,LHL,HLH,LLL,LLL,LHL,HMH,HLH,MMM",1
"1791",97,"HHH,LHL,LLL,LML,HHH,MLH,MMM,HMH,LML,LML,MLM,LHM,LML,HHH,MLL,HHH,MLM,LHL,MLM,LHL,HMH,MMM",1
"1792",97,"HHH,LHL,LLL,LML,HHH,MLH,MMM,HMH,LML,LML,MLM,LHM,LML,HHH,MLL,HHH,MLM,LHL,MLM,LHL,HMH,MMM",0
"1794",97,"HHH,LHL,LLL,LML,HHH,MLH,MMM,HMH,LML,LML,MLM,LHM,LML,HHH,MLL,HHH,MLM,LHL,MLM,LHL,HMH,MMM",1
"1795",97,"HHH,LHL,LLL,LML,HHH,MLH,MMM,HMH,LML,LML,MLM,LHM,LML,HHH,MLL,HHH,MLM,LHL,MLM,LHL,HMH,MMM",0
"1803",97,"HHH,LHL,LLL,LML,HHH,MLH,MMM,HMH,LML,LML,MLM,LHM,LML,HHH,MLL,HHH,MLM,LHL,MLM,LHL,HMH,MMM",1
"1804",97,"HHH,LHL,LLL,LML,HHH,MLH,MMM,HMH,LML,LML,MLM,LHM,LML,HHH,MLL,HHH,MLM,LHL,MLM,LHL,HMH,MMM",0
"1806",97,"HHH,LHL,LLL,LML,HHH,MLH,MMM,HMH,LML,LML,MLM,LHM,LML,HHH,MLL,HHH,MLM,LHL,MLM,LHL,HMH,MMM",0
"1807",97,"HHH,LHL,LLL,LML,HHH,MLH,MMM,HMH,LML,LML,MLM,LHM,LML,HHH,MLL,HHH,MLM,LHL,MLM,LHL,HMH,MMM",1
"1808",97,"HHH,LHL,LLL,LML,HHH,MLH,MMM,HMH,LML,LML,MLM,LHM,LML,HHH,MLL,HHH,MLM,LHL,MLM,LHL,HMH,MMM",0
"1813",98,"MLM,HHH,HHH,LLL,LHL,MLM,HHH,HMH,HMH,HHH,LHL,LML,HLH,MLM",1
"1814",98,"MLM,HHH,HHH,LLL,LHL,MLM,HHH,HMH,HMH,HHH,LHL,LML,HLH,MLM",1
"1815",98,"MLM,HHH,HHH,LLL,LHL,MLM,HHH,HMH,HMH,HHH,LHL,LML,HLH,MLM",0
"1817",98,"MLM,HHH,HHH,LLL,LHL,MLM,HHH,HMH,HMH,HHH,LHL,LML,HLH,MLM",0
"1821",98,"MLM,HHH,HHH,LLL,LHL,MLM,HHH,HMH,HMH,HHH,LHL,LML,HLH,MLM",1
"1822",98,"MLM,HHH,HHH,LLL,LHL,MLM,HHH,HMH,HMH,HHH,LHL,LML,HLH,MLM",1
"1823",98,"MLM,HHH,HHH,LLL,LHL,MLM,HHH,HMH,HMH,HHH,LHL,LML,HLH,MLM",0
"1824",98,"MLM,HHH,HHH,LLL,LHL,MLM,HHH,HMH,HMH,HHH,LHL,LML,HLH,MLM",0
"1825",98,"MLM,HHH,HHH,LLL,LHL,MLM,HHH,HMH,HMH,HHH,LHL,LML,HLH,MLM",0
"1827",99,"MLM,HLH,LLL,MHM,MHM,MLM,HHH,HMH,MLM,MLM,HHH,HHH,MHM,HMH,MHM,LLL",0
"1831",99,"MLM,HLH,LLL,MHM,MHM,MLM,HHH,HMH,MLM,MLM,HHH,HHH,MHM,HMH,MHM,LLL",0
"1837",99,"MLM,HLH,LLL,MHM,MHM,MLM,HHH,HMH,MLM,MLM,HHH,HHH,MHM,HMH,MHM,LLL",1
"1840",99,"MLM,HLH,LLL,MHM,MHM,MLM,HHH,HMH,MLM,MLM,HHH,HHH,MHM,HMH,MHM,LLL",1
"1841",99,"MLM,HLH,LLL,MHM,MHM,MLM,HHH,HMH,MLM,MLM,HHH,HHH,MHM,HMH,MHM,LLL",0
"1843",100,"HLH,HLH,HHH,LHL,LLL,LHL,HMH,MLM,HMH,MMM,LMM,MMM",0
"1846",100,"HLH,HLH,HHH,LHL,LLL,LHL,HMH,MLM,HMH,MMM,LMM,MMM",0
"1847",100,"HLH,HLH,HHH,LHL,LLL,LHL,HMH,MLM,HMH,MMM,LMM,MMM",1
"1849",100,"HLH,HLH,HHH,LHL,LLL,LHL,HMH,MLM,HMH,MMM,LMM,MMM",0
